,Purple Mountain Flower,Spider Egg,Potion Quality
0,3.068129396987497,-0.962772175274602,0
1,2.1713411661409276,-1.2551573469609625,0
2,0.9047501723853504,0.9776449903962947,1
3,0.9968766401998607,0.5342315368425088,1
4,1.8217818938616237,-0.45930155758549196,1
5,0.41528836770591293,0.9338002364002852,1
6,1.1435729695607295,-0.5747092308026126,0
7,0.5143113938500081,-1.1497195161884108,0
8,0.9570862790255137,-1.2724175183736426,0
9,2.159948119013211,-1.779929606229109,0
10,1.6447928690373796,-1.6075183497812202,0
11,0.36633013979179385,1.3360462339814367,1
12,1.6972680671057567,0.2945839531656211,1
13,1.2988241417905892,-1.1100576802668642,0
14,0.5091427567410013,0.9621354606507961,1
15,-0.0763554270690201,-0.36658718902639187,0
16,2.4180284212482666,-0.8064587629810127,0
17,0.7418768621779283,1.780611819989827,1
18,1.7036366020422555,-0.030864828383881382,1
19,2.6415844870160727,-2.033135161607367,0
20,1.0954866493272364,-1.1229274141626653,0
21,0.998308908275336,1.086581617326478,1
22,2.4471992038547468,-1.590103281435717,0
23,0.9702920707069327,0.8944199192515828,1
24,2.9396458439902484,-1.9022224015944706,0
25,1.6347565593443585,0.647207925567576,1
26,2.363177822981255,-1.218557231600838,0
27,1.8891008673397747,-0.43676105739918303,0
28,0.814408997775262,1.4894256855758912,1
29,1.073125917456757,0.5736136807872214,1
30,0.35605350164256855,1.959978651948413,1
31,2.0568974281679404,-1.4965141134868074,0
32,1.698914731580122,-0.7631287181925785,0
33,2.2105014840388773,-0.5193451435160514,0
34,1.8542869443170362,-1.5237722674437177,0
35,1.746696447066813,0.4662933558884163,1
36,2.2155769949600055,-1.5769917874529755,0
37,1.539126437015596,-0.978828946197441,0
38,0.20697489582085038,0.7838753297641263,1
39,1.3655657618557981,-1.6913524813105676,0
40,1.722544704135021,0.08527583154272111,1
41,0.16722626538229401,1.6942228651861968,1
42,0.9360415182899384,1.3375410902637075,1
43,1.6858594885402287,-1.8497683468162194,0
44,0.7430552972625024,0.7216760959194508,1
45,1.5909086750060295,0.22734082249721044,1
46,0.6411243940109635,0.8194588155762597,1
47,1.9093612169378475,-2.010982760285487,0
48,2.099611782675359,-1.1344972647447045,0
49,1.4763921073418305,0.25168783768572744,1
50,3.122718316670386,-1.5305736090836746,0
51,2.464060729993119,-0.787791193656413,0
52,2.0961933216513593,-0.9417397070458187,0
53,0.8900217267201234,-1.6664613362676857,0
54,1.235203730049638,0.23748797153264567,1
55,2.1314570402124025,-0.28045482635761876,1
56,1.0906717161560013,-0.4000375397808724,1
57,0.4281062248162083,1.612811152592658,1
58,2.201316079192699,0.5636126313423577,1
59,1.624627145519577,-0.6224172854246226,0
60,1.8736260079438247,-1.605266701035727,0
61,2.9841446756881864,-1.2383459445726577,0
62,0.9744307935596729,-0.6131025512311736,0
63,1.6301551880446297,-1.3022526223825706,0
64,2.150866132303558,-1.1560693335002246,0
65,1.4491254191254073,1.0142656845635232,1
66,0.8474025553454936,-0.5537486189201559,0
67,2.276867865284824,-1.8234859232708502,0
68,0.8380313292830746,0.5826584641771219,1
69,0.7555554610984342,1.149282370563616,1
70,1.4239737837066764,-1.082746493611415,0
71,2.469616218420074,-1.252271562812718,0
72,0.9846812432313804,-1.9168850797043449,0
73,1.5799411955152673,-1.2045688992511312,0
74,1.135139911456063,0.6447578966503359,1
75,0.7661748518954075,-0.6721558074469907,0
76,0.6714957958430507,1.3976833049397441,1
77,0.8812249527078515,0.48708714166646594,1
78,1.3036044208725377,-1.1549596365776402,0
79,1.3681358003093327,0.5254312016280916,1
80,1.5380689364577362,0.2657454136008248,1
81,0.7074739776708627,-0.9546100527611967,0
82,2.083302717370063,-0.7472294262492643,1
83,1.5441283277371467,0.17464579696090354,1
84,1.4649241961106716,1.0730545438317525,1
85,1.81152412687936,-0.8345888023268848,0
86,1.5052300585115796,0.1830073811996913,1
87,0.503340633264624,-0.2080596248220612,0
88,-0.41334850465215456,1.7988166694451668,1
89,1.3790114403079334,-0.7598825355537925,0
90,1.6786136705814572,-0.26501640622675393,1
91,1.1364878226809356,0.3851754069330088,1
92,1.395511119983762,0.16661160595226954,1
93,1.6693854734875484,1.1853514647834702,1
94,2.0401046246176313,-1.6808761782757626,0
95,0.936099808436248,1.1614541258345685,1
96,1.299989122457904,-1.6716150457395156,0
97,0.8236256682820277,-0.6997251121158348,0
98,1.8576515532978048,-1.2662741422085873,0
99,1.7641209688719566,0.9838881229782374,1
100,1.896505864941504,-0.5324128223255907,0
101,1.9692880834889608,-1.3893668972602966,0
102,1.1785894140822213,0.21348192590291726,0
103,1.613715482636234,-2.1257773689079116,0
104,1.671226846251987,0.4412546878446252,1
105,1.039375296334247,0.927213273866109,1
106,1.8547845502153044,0.581752559851552,1
107,2.083327151876765,-1.165230100012743,0
108,1.4879714987081982,1.0392814397799122,1
109,0.46364922587558477,1.320115728219587,1
110,0.2759422615812672,-0.5972529845444268,0
111,0.23597940148893704,1.8272544846903185,1
112,0.610994418166778,1.22861470550236,1
113,0.9651230438498585,-1.0118369964268572,0
114,1.6545690352392153,-0.6816362744350575,0
115,1.745219308127833,-0.01800445835774045,1
116,2.777507580915603,-2.069965147534165,0
117,1.4290006707308722,-1.1905118225169016,0
118,2.123082375667849,-0.7452268932765596,0
119,1.4558137584808921,-1.2020585089582767,0
120,0.7254197442007291,1.0521017771244643,1
121,2.4429542203028127,-1.4137011168206894,0
122,0.8471642590751389,-1.2072893650540795,0
123,2.2218764016009698,-0.91236047020476,0
124,1.1487376083740697,1.3615158984161246,1
125,0.9022819027686622,-0.914570505335475,0
126,0.5527400893947071,0.6002471200147825,1
127,0.788300372802911,1.2484034379991584,1
128,0.4366911112586418,1.1151712714011424,1
129,1.5437891768299241,-1.0514404624641507,0
130,1.4456441118756502,0.8277282657254914,1
131,1.1574629963028038,-1.466507228238752,0
132,1.6900866272309505,0.40583497689282083,1
133,1.9374746396561329,-1.170054870097211,0
134,2.3602041350792757,-1.6597985721620063,0
135,2.0043149020049063,-1.1002578342752285,0
136,0.2957716192332098,-1.630315396411573,0
137,1.441029758982872,0.897847197988388,1
138,1.365785949266309,-0.621768044017896,0
139,1.986500288280864,0.1383674275452249,1
140,1.28051279568201,0.4193148498711679,1
141,1.0771089027818959,0.6784327616952768,1
142,1.4804356075606282,-0.4904891874364282,0
143,2.6136445111761564,-0.8914099470649781,0
144,0.30944885492100627,0.8215163818444275,1
145,0.31156292326595003,-0.6115357788011588,0
146,0.5996838333571077,-0.656336777272328,0
147,2.0199779134249067,-1.1841419907390092,0
148,1.1692365865199668,-0.7686712297536393,0
149,1.3834377888299996,0.5402902610862557,1
150,1.2433250320653424,0.7920337195459606,1
151,2.712949723017444,-1.0997214690184438,0
152,1.783833199189366,1.2825834534230527,1
153,2.542861154672045,0.09343061606299485,1
154,1.082935986693886,1.1068733342663233,1
155,1.623435478453115,-0.5474555914025513,0
156,1.447132355441104,-1.3951094803578745,0
157,0.45694708826991093,-1.0777877786566952,0
158,1.1185327969262868,-0.9013922244392735,0
159,1.2411514930994978,0.20863635711594575,1
160,2.1238914758593164,-0.9321920156140581,0
161,0.7865964612959088,-0.23115861569572071,0
162,3.0111011021030123,-1.821594408094493,0
163,1.1239080341485879,0.25219802388731205,1
164,1.530233537156884,0.5017961142749903,1
165,1.1555543342395893,0.6452168633352569,1
166,2.4242635826502172,-1.0074926376584052,0
167,1.9216891506778464,-1.0247287945544123,0
168,0.4347213278961837,-0.6148190342123063,0
169,1.7000575523437504,-1.3351092505938456,0
170,1.8805803883503407,-1.410922867034812,0
171,0.8671346488725639,-1.047840446647854,0
172,2.8246632988764833,-1.1612463503082817,0
173,0.11553670466100929,0.9276893161076187,1
174,2.0034891432906843,0.13866615335163668,1
175,1.5918161422180277,-0.5099924275135428,0
176,1.8589072321895075,-1.429652781327842,0
177,1.4112678985649916,-1.2166615696122294,0
178,0.5409074662135817,1.025676070077766,1
179,0.9376244869942609,0.9285626315978234,1
180,0.7133953674405973,0.8286015189017985,1
181,1.8132452484367008,-1.227134989754989,0
182,1.0549415621443299,-1.08630292504705,0
183,1.3471798737262297,0.1546624031608359,1
184,2.5549466187538243,-1.2026842474911037,0
185,1.2454392555128755,1.0475578242037067,1
186,4.2895779030855,-1.8857992290087628,0
187,0.4147658057432131,-1.211041152966565,0
188,0.5639536283357867,0.7810410098530387,1
189,1.936785927591266,-1.010539769289583,0
190,0.4877847502542063,1.1789663991834327,1
191,0.815111978964034,-0.8424007489550317,0
192,1.250093983582316,0.4696291808778494,1
193,0.2315808521843058,1.282991162047997,1
194,0.8701634320535103,-0.06279303680793391,1
195,0.31035958973043465,1.9019899213231817,1
196,1.9327068046506901,-1.3456207418102915,0
197,2.1171470195623434,-1.7314488667282506,0
198,1.0213015224924886,1.2487359810574512,1
199,1.1905186545916382,0.9372797680813381,1
200,0.9507772674170402,-0.6027645199941452,0
201,0.7790605989625105,1.0657499059164348,1
202,1.055790636603803,-0.9471766405347882,0
203,0.8448587546264501,0.8937240217606176,1
204,0.7183961694036409,0.9610275366709615,1
205,1.1847981391556397,-0.7427597041728653,0
206,1.387014659002932,1.2215982247074608,1
207,0.76358254056655,0.8805989783547838,1
208,1.3397423590263198,1.0438912929167963,1
209,1.3473966057247555,-0.9249207737560161,0
210,1.3360837388759341,0.7533340028134146,1
211,1.0759624299602513,1.0950139306475115,1
212,0.8803066931493628,1.5154807924830633,1
213,1.3907949685700585,-0.28517941246138645,1
214,0.9093839319832046,1.2950643011714777,1
215,1.1551644949970672,0.2346293035800504,1
216,1.6703441789680642,-1.5085547096662082,0
217,1.2386905252355735,0.7546733986508416,1
218,1.0565295963381423,-0.4173489588505124,0
219,1.1314647266666455,-0.5386688652367397,0
220,0.9893492268863304,0.7653831018530783,1
221,0.8901647809967861,0.9236783788409871,1
222,2.391826540247248,-1.1479726115079174,0
223,1.870100239688713,-0.4051133185568021,1
224,1.017718172304631,1.1662668087998522,1
225,1.6133397523012798,0.21192884697425152,1
226,3.931705445636436,-1.9087063208667596,0
227,1.8452572561478977,-1.0388781234228799,0
228,1.0786717033585387,0.527924358426667,1
229,2.182122714924814,-1.2174121870340708,0
230,2.0382419970950165,-1.0614497744833455,0
231,1.694092540176883,-0.4754307103121984,0
232,2.279207126600877,-1.1876356727074526,0
233,1.5787503955662856,-0.9738024837714453,0
234,2.0010998060792815,-0.7579785439229372,0
235,1.3678835095951647,0.08240517495075039,1
236,1.5473282901651548,0.5280746628671613,1
237,0.7904408086215265,0.644965647324262,1
238,2.188303328601299,-1.5240701978156697,0
239,1.672239868674319,-0.20008628354664992,1
240,0.7788292146035798,1.1093878961057413,1
241,-0.0463102910228006,1.231182131363263,1
242,1.3962823350847788,1.000906054089255,1
243,1.187890517675688,-0.7898375434143088,0
244,0.6754567427337208,-1.2046110721013918,0
245,1.2887195869720949,0.4578529222707627,1
246,0.8622053084488044,0.8813465547423905,1
247,0.9008760705360244,0.9284576958222845,1
248,1.0286379474673386,0.32572108970625796,1
249,0.952587273237204,-1.3264152165971401,0
250,1.0956245950698886,-0.9238563974819841,0
251,2.070737576958691,-0.27357718514756935,0
252,2.133242338578542,-1.2520577907502275,0
253,0.9982528647391393,-1.4425217220252802,0
254,1.8278753770512068,0.11769439610243171,1
255,2.2292669503911324,-0.761687013835016,0
256,2.2850800050092683,-1.4267770102511164,0
257,1.2499189912364916,0.23102976395965902,1
258,1.2262425489107482,0.20449999889653347,1
259,0.5803701718573437,0.7876829195890719,1
260,0.3826726678965533,1.129756739912469,1
261,1.5868601318026967,0.3111006741358308,1
262,1.3202198794886764,-1.490084411040942,0
263,1.4455422180582211,0.9771379527198656,1
264,1.7455683549059393,-1.0463648280041897,0
265,0.6898008833130845,-0.9932611993367103,0
266,1.0542773761711404,0.9326924988467867,1
267,1.6614645141313182,-0.36100910855449464,1
268,1.158076313192984,0.5623499880197105,1
269,1.5279814406180718,0.32174463493703953,1
270,2.0110205248840876,-0.47438066140497304,0
271,1.0243827121822968,0.15178214228779918,1
272,0.7844783618305299,-1.058289515549418,0
273,0.8190008172870014,1.5055675834059807,1
274,0.5007159156091844,1.0037633963128256,1
275,1.876597916162494,-0.820401146128959,0
276,1.3981254797020284,-1.3693276997421961,0
277,1.8478704506923385,-1.2696608104529674,0
278,1.0391796195987997,0.8312692392181316,1
279,2.190365359224594,0.17353793592898192,1
280,0.5372730153365244,1.8615564955929982,1
281,1.0757467196032662,-0.7170685487395785,0
282,1.4747478173203044,0.9802258634422982,1
283,2.8169108031473273,-0.5791211623309513,1
284,2.005445889497896,-1.1908933834080053,0
285,2.504223479867575,-1.322001065223431,0
286,1.4197447668547771,-1.4159744213253278,0
287,0.7107967378131489,1.9027604513106022,1
288,0.6326284012448999,1.3625637081504332,1
289,2.18532642481712,-1.7090792810067357,0
290,2.7832564848936947,-1.5311399672947663,0
291,1.8539385604646101,-0.8742131999408125,0
292,1.7626603730324875,0.20377002376842002,1
293,0.3057816979331007,-1.1963453014043595,0
294,0.934148005264385,0.6164408791885904,1
295,2.831477063298265,-1.0437823031695717,0
296,0.8484939483461327,0.6620144533679988,1
297,1.0774399773040542,-1.199605035089292,0
298,2.0658661025887954,-1.1650093009586908,0
299,0.6988336623088645,0.17020692339111954,1
300,2.1428960248018702,-0.6180112652869023,0
301,2.352503860197446,-0.8348870015135025,0
302,0.9336150897672681,-0.7870445858099926,0
303,2.0398440707786554,-1.291664472359433,0
304,1.9137900112041009,-0.8092276230125632,0
305,1.8924367672010094,-0.3225290710820843,1
306,1.7568318652975894,0.5784640996385431,1
307,2.56608651646881,-1.5984677098309135,0
308,0.2347462520624436,1.8304573820890868,1
309,0.6207223668863469,-1.409610192037552,0
310,-0.8608394115186513,1.8034347165083775,1
311,2.1546283754246556,-1.0179425530309736,0
312,1.0391037117463853,1.6028591038515043,1
313,1.9684681790910654,-0.1845181495492586,1
314,1.6333024347603267,0.21590142194051198,1
315,0.9061005546491055,-0.5885694011272027,0
316,1.43078910548234,-1.0013534695809343,0
317,1.4230713755520608,0.12451811553461123,1
318,0.9064755899843174,1.0153179749195351,1
319,1.4100713605322088,0.3306090319237229,1
320,0.9660699409431771,0.6098031492760325,1
321,1.4654141127562068,-1.972187258279671,0
322,1.330670420708295,-0.008628097403412083,1
323,1.3519426410592745,0.6331609626290735,1
324,1.1187159027901181,0.7506490664467751,1
325,1.6117050085910856,-2.3031254287640945,0
326,1.9899440413520564,0.548262919005815,1
327,0.8121715946022785,0.5791949017378224,1
328,0.6127238813739394,1.7868231131178025,1
329,0.9746725494377223,1.128728428431908,1
330,2.126104226332684,-1.6119385601106218,0
331,1.3897777454809306,1.0688078528984595,1
332,2.061386759153043,-1.088560222609073,0
333,1.138699634088348,-1.0469094457715125,0
334,2.265281105458183,-1.8561879199813578,0
335,1.0164860007710006,0.5304276701640331,1
336,2.333053680224036,-0.8309048479256447,0
337,2.3771458386497137,-0.8496473796095513,0
338,1.528782555676727,-1.4623387889949875,0
339,0.39785631751572614,-1.0580179569482697,0
340,1.1814207866633857,0.5376201669141125,1
341,0.9765514877097323,0.6441848535978483,1
342,1.203893643646856,1.3123468065143946,1
343,1.6603295142686378,-0.5143197217492463,1
344,0.9787065729355258,0.7526433580499102,1
345,1.0621415658008546,-0.5232614903174416,0
346,0.7542120397978336,-1.5973763058948056,0
347,0.5039938341983007,0.8483862664062296,1
348,2.0188205542560937,-1.368612347529454,0
349,1.9815863453238727,-0.16932079816821144,1
350,0.5895040731781529,-0.744768025362037,0
351,0.4876477350766131,-0.656793327890664,0
352,2.4973036955394385,-1.575551698464874,0
353,2.0482725365054364,-0.05215077248769273,1
354,1.4726638509672627,0.7749576533146789,1
355,2.094065034985561,-1.4946766360542738,0
356,0.5530857218820179,0.7248306398700437,1
357,1.244392621560881,-0.3191352076995475,1
358,2.2618647835610526,-1.4853212455972344,0
359,0.7933074190687239,0.8301685523217399,1
360,2.7599998678405546,-1.593217474079096,0
361,0.5012169936573141,-0.5964680520481792,0
362,1.4784523167441106,-0.734810433826447,0
363,1.1730855472291744,0.3309679218947638,1
364,1.345107809088647,-0.7974351133726987,0
365,0.8998295216611064,1.6986162866642922,1
366,0.503799645399427,2.4496875357030534,1
367,1.7717176838063546,-1.3886764408672514,0
368,1.183128054365709,1.0535282628686347,1
369,1.8273351003896905,0.22734523782593785,1
370,0.1697094349786311,1.3870324195369177,1
371,1.040597502642568,-1.0645966768486672,0
372,1.7120322838476099,1.2322078680271595,1
373,1.053894289993015,-0.4774539798405061,0
374,1.065136260138691,0.7476734095595864,1
375,1.405596145704977,-0.23885431877559915,0
376,1.2448232404143336,-1.2881686231984963,0
377,0.6699739152824232,-0.6832197847082613,0
378,1.440883202443329,0.5051474642052107,1
379,1.820268813061538,0.4162335621386176,1
380,1.1365782269398772,0.5045799484016138,1
381,1.1598768381362317,-0.06892849610054341,1
382,0.7047599543657816,1.2214572035201163,1
383,0.11158297968471853,-1.3276824522532973,0
384,1.060010225922845,0.19138675002257022,1
385,2.402144349462307,-1.5294269088217227,0
386,0.29288029968880935,1.2003345305032673,1
387,3.2818614956521563,-1.6992354833008902,0
388,0.6877097620503428,1.1380054303958367,1
389,0.3201695438410217,0.975654929066238,1
390,1.1746808304898375,1.4719149811140964,1
391,2.1376559984619394,-0.6836911852173699,0
392,0.1477827729551654,1.4708471557642282,1
393,1.2582715560097242,0.7393908824789432,1
394,0.07318653008304032,2.426016910701589,1
395,1.2556359982699874,0.9546382106391729,1
396,1.028395266823316,-1.2814145255473437,0
397,1.179470822042787,0.8526405684761881,1
398,0.8213846795286476,-0.11714300321395421,0
399,1.6482570579491689,-0.37482099259266544,0
400,0.3590510537791203,0.7999985570163517,1
401,2.042387875842628,-1.3755711940713977,0
402,2.2072801909108675,-0.8188447320001191,1
403,0.7693520754963125,0.9789547717653655,1
404,0.2625977747902839,-1.0952294668149423,0
405,0.7816616246881415,1.0489437435491893,1
406,1.2465264011105996,-0.30442319943540797,0
407,1.90816461004342,-0.8232752687180711,0
408,2.3004376817027,-2.1621587568320937,0
409,2.3871394677091073,-1.5743357716342437,0
410,1.9070457920517943,-1.0764598557779201,0
411,2.061824784216708,-0.14252447867907703,1
412,1.2213881392725192,0.6909338146970527,1
413,0.941326420348072,0.8044803245477344,1
414,1.0028830035177159,0.16853211478662056,1
415,1.1323823701199929,0.8765502792241434,1
416,1.0846008779382676,-0.06559904031707964,0
417,1.6843236310037937,-0.9818155191585665,0
418,1.0881376051663012,-1.549881702811689,0
419,2.265752600254337,-1.5238585291772733,0
420,0.4955858708800971,1.8166900914260886,1
421,-0.3612260564471126,2.439289159544794,1
422,3.1407627586532363,-1.4229502642696426,0
423,1.2387121172693754,0.5621293574291675,1
424,0.1963858153064555,-0.575266162876942,0
425,0.022727381836194605,-1.178921448381673,0
426,1.085344444522915,1.0916162772605134,1
427,1.9347392647361026,-1.0538786719837283,0
428,1.0541462282833627,-1.2822668171530063,0
429,1.922860762985644,-0.7434015552759694,0
430,2.049684760036475,-0.13531322593559125,1
431,2.284830943009185,-1.190784223235955,0
432,1.6207434841850017,-1.1398657647667012,0
433,1.3548263515533499,0.569239136448787,1
434,0.3639187172514058,1.42804628619866,1
435,1.7973282997488458,-0.5183494227283321,0
436,1.1356655126926145,0.3451501517368183,1
437,0.30347410076861625,1.805020945428874,1
438,1.3562433259412678,-1.0840421483065426,0
439,2.604431968614268,-1.2616037568022405,0
440,2.595091278681747,-1.405148713539434,0
441,0.9311455668311468,-0.2986503552036779,0
442,-0.0848456501924808,-1.2132736709892864,0
443,1.7466635441313656,0.17267402442594137,1
444,1.2877088946697377,0.41550992767028927,1
445,0.6578521867963907,1.4168151287409259,1
446,1.0382876628489064,0.6145732100829706,1
447,0.8531112243561294,0.8362758046192846,1
448,0.45582179690061286,0.7379815923998292,1
449,0.9496297771222053,0.5913098441814479,1
450,2.2149793694874935,-0.9232956845883774,0
451,2.447531435765172,-2.8982586864286306,0
452,1.3284437698571956,0.22006269778416043,1
453,1.5468364278976707,0.9211007612340611,1
454,0.9721507748729138,0.9453724607128711,1
455,1.6050514039063817,0.20552284489990136,1
456,1.896439913675277,-1.6113981863180933,0
457,0.8480476296791674,1.027549293255289,1
458,1.9061888838849799,-1.2743344112319286,0
459,1.127289153724239,0.8549996117172118,1
460,1.6157453219614288,-0.9248423493495187,0
461,0.45949657405835675,1.022847595062847,1
462,0.9898414720234199,1.1950169346676651,1
463,0.40079972218324267,0.7736726139479178,1
464,3.0328074040423783,-1.6818456073239527,0
465,0.4422946116823634,0.7792783056747801,1
466,0.689615915028962,-1.0282941685335278,0
467,1.1856363979960698,-0.7164670219270669,0
468,0.542194313781467,1.2118326054208168,1
469,1.805712235541232,-0.5393816600969964,0
470,0.0836857736514236,0.5523283659297722,0
471,0.5782271024417867,-1.7110740165286211,0
472,1.081259057858158,-0.4384422427944328,0
473,1.2867862402076915,0.4050774491675652,1
474,3.0955898680257885,-1.1430542245611661,0
475,1.6061310792083616,-1.3275131649569474,0
476,1.7264289846497078,0.36971628054688566,1
477,0.5877054328510952,-0.9423664713288665,0
478,2.0198735464630038,-1.4380023702015874,0
479,1.4618126253184363,0.3977468402644339,1
480,0.8438112356161979,0.6509108932326603,1
481,0.47742232529285733,0.16378716046198183,0
482,0.8865252114270561,-1.8693854521370024,0
483,2.2638925135828964,-1.54297367434993,0
484,0.7016423404879495,0.3190873425303052,1
485,0.7461268790251046,1.032348137478092,1
486,1.3037098468494472,0.32546512650514003,1
487,1.0803054120711744,0.832251710615296,1
488,1.9687202411666809,0.3464665798394885,1
489,1.6466178698706246,-1.1134046048589534,0
490,1.5939779044369806,1.011456781090297,1
491,1.9815438185296341,-0.7850224601653213,0
492,1.7971381081375126,-0.8030869956284172,0
493,2.3886663059197497,-1.3756283430163632,0
494,0.6220703886413164,-1.1014876921085794,0
495,1.109612260042795,-0.7188030200646618,0
496,0.41856525747556583,1.7454061098134535,1
497,1.1204027645955983,0.4220369160392459,1
498,1.4900429630276275,-0.3005059125899543,0
499,1.0204762111047285,0.8169382538016174,1
500,2.36581154883584,-1.6922488101116064,0
501,2.1151365922420142,-1.765792634970183,0
502,1.4561225192455955,0.4319298350719569,1
503,0.7850392230104187,0.7119912795740899,1
504,0.5476933147409677,1.3265734302636942,1
505,1.38636384548301,-0.8466667842418197,0
506,1.3690923889505302,1.3529517499876853,1
507,1.3810789181646543,-1.367529809965118,0
508,2.5491208462577517,-1.4405480193281195,0
509,0.6938673807848658,0.8932093925703566,1
510,1.8035324761368692,0.16423924761694986,1
511,2.103375513849011,-1.588665341364169,0
512,0.5327447476457812,1.1956382439362867,1
513,1.1739854440582098,-1.3482291433579625,0
514,1.9107894372171481,0.2826468087291675,1
515,1.3666570458322003,0.7667913171870475,1
516,1.8962826290393953,-0.8073968369495091,0
517,1.8177696907579033,0.4263461203653651,1
518,1.391940634600665,-0.7544825109983779,0
519,-0.18549285725042686,1.6468006955137962,1
520,1.6452904754835915,0.3258686832105525,1
521,1.4268032851861459,0.40438033156671604,1
522,0.8163252108159289,-1.6569417089473706,0
523,1.4340575642169784,0.11403536491552857,1
524,-0.041196925584947364,-0.4396327152167513,0
525,1.0880125895969237,0.9126227901653883,1
526,1.8916802855976573,-0.8232330640298835,0
527,2.2214654591947673,-0.06017262615115104,1
528,0.4193429258089183,1.2833329692542443,1
529,1.8987857237790717,-1.7581983873819298,0
530,0.8028910130632689,1.0578419201210303,1
531,1.7584975369264932,-1.0264741556703743,0
532,0.8049091957172141,-1.32207534259926,0
533,0.7625482303392626,0.9820438663601507,1
534,0.9599993254118397,1.0854268986718443,1
535,1.185790582114772,0.5334851286277804,1
536,0.8059650308058102,-0.2164159541126064,0
537,0.4378574911033398,1.1556880996084,1
538,0.7392179434023496,0.8590512683187571,1
539,2.1072803040606853,-0.8811763860380978,0
540,1.3493624127150718,1.3110708003597091,1
541,2.3216670931460097,-1.1505195283335101,0
542,1.6572067954647693,-0.67833612251247,0
543,2.755029927292404,-1.6864857508795543,0
544,1.0475359161860562,-1.1825678156415842,0
545,1.1883501823750404,-0.15237956393575725,0
546,1.5909942973954163,-0.48378610335609085,0
547,0.6616318218980962,1.3136176899085006,1
548,-0.14464595080708764,1.7324095246485887,1
549,0.17794081344516632,-1.4774722254463977,0
550,1.1552728514799933,-0.6504343015585289,0
551,1.7761832424677808,-0.5467521932017323,0
552,1.9695721777253374,-0.9146689024750876,0
553,0.5055002226805441,-1.1300874891051813,0
554,1.2515479506933165,-0.3026744757027753,0
555,-0.02138076443827086,1.7993776778215511,1
556,1.7418169079548014,0.07712893564130063,1
557,0.9359774991835073,0.5890018817353603,1
558,0.768248261737817,1.1891909475366857,1
559,0.8470381156156362,-0.5327873346407043,0
560,1.4544527419463176,-1.5754605320299664,0
561,0.6950157054180225,1.31880378379995,1
562,1.7650748556735278,-0.7820636384714845,0
563,1.0775426710649219,-0.6809239496197377,0
564,1.6931262095400739,-0.08638960192650835,1
565,2.095968946882329,-1.3624737097899102,0
566,1.271125379439955,-1.220595455445702,0
567,1.176530811765113,-1.4954102715905386,0
568,1.674756834766846,0.4354115679627366,1
569,1.2376431092519933,0.6616170387165115,1
570,1.253570630226852,-0.6020217189142766,0
571,2.362244995417164,-2.3116532314552307,0
572,0.8583939099192038,1.3182024413075264,1
573,1.9911899230561947,-0.9618033479480352,0
574,2.383112328730513,0.13134946612637888,1
575,2.4130501809848766,-1.563643996179526,0
576,3.194569633593771,-1.16350704036772,0
577,1.0887544562086409,-0.8331204936486589,0
578,1.0286966437007317,1.288411104324346,1
579,1.203617911281007,0.8395389141983461,1
580,1.6327102910562805,-1.5960563962861627,0
581,1.4895390367604333,0.1060218353838519,1
582,1.5958129265444545,-1.604434751287968,0
583,0.7001864863051276,-0.4315226783376126,0
584,0.8908909452397441,-0.9926383096436874,0
585,2.593538614531522,-1.016028204165813,0
586,-0.22157813610841015,0.8970875397434621,1
587,1.0086876194200816,-0.7317586082047464,0
588,1.1000854132072595,0.466879053320524,1
589,1.6489104916243664,0.1845916885875788,1
590,0.6807854447445625,1.9950107558893657,1
591,0.8234373503759159,-0.9922608519045013,0
592,1.386086560161196,0.5093283687208,1
593,3.268707982292823,-1.5312098567058843,0
594,1.769945266819534,-0.11765213947237951,1
595,1.5506800685376447,0.356789444177745,1
596,1.475704566330126,-0.5359406299137661,0
597,1.8310194247183837,-0.3266997949150038,0
598,1.4187056145392019,-0.7466643186210301,0
599,1.3194850899332173,-0.9006036365998451,0
600,1.4414447804482717,-0.1634251925853868,0
601,1.424221068940848,0.1266093131298639,1
602,2.9230260907862116,-1.0304030413899317,0
603,1.2295249378182553,-1.3437489613537295,0
604,2.08722923062251,-1.652301419506811,0
605,0.9521131719116922,0.9425029413875048,1
606,1.6535078367352019,0.583575140584485,1
607,0.43914839727235955,1.0201871759783463,1
608,1.462534662504279,0.8940111959919179,1
609,0.4819052638535394,1.8946456980259705,1
610,0.49710540876775455,1.1347731302228776,1
611,2.581701184839692,-1.6203180408080078,0
612,1.682982459743832,-1.090143021598266,0
613,1.3573796641379732,0.008653173794931579,1
614,0.4266786137497558,-0.38243187048943184,0
615,0.3748738016093207,1.0839940561395127,1
616,2.298248533643926,-2.182522184021521,0
617,1.9947093753272902,-0.24707986335867527,1
618,1.026450078507458,-1.0278614667847876,0
619,1.944223552505559,-0.8033227611392328,0
620,0.7599041744633187,0.36596597226529537,1
621,1.5688657048275743,0.4359079705931004,1
622,0.645360674540437,-1.2479967380834944,0
623,0.5712479647811417,-0.9987397749353959,0
624,0.8746721522315116,1.2028695933853797,1
625,2.1212982434054553,0.09010002460365174,1
626,0.9583579456689469,-0.9461996876713508,0
627,1.7022338080751156,0.3191322591765074,1
628,1.043916018236791,0.5550527935636314,1
629,-0.19700524299545163,1.9960056375976667,1
630,1.507526358436233,0.5621467527755531,1
631,2.317971638229027,-0.17418880852495056,0
632,1.4926123281728556,0.64195533322978,1
633,1.646538752394123,-1.3904302760387988,0
634,-0.13248377827642677,1.9293018852753374,1
635,0.5426646056843063,0.9938154650799733,1
636,0.8967100493591196,0.8557490707158637,1
637,3.2639949166783837,-1.4914958135403296,0
638,1.9319710985402674,-1.8047663108490348,0
639,1.2624685329127352,0.9600411985588342,1
640,1.67151519734852,-1.15421540215621,0
641,1.1713201191639815,-1.0797727221800777,0
642,0.9549804328756222,0.4636265051412637,1
643,-0.023648157975872497,2.3805839357324623,1
644,0.617080677025508,1.4020908195101887,1
645,1.7795734017859792,-1.0562447259536807,0
646,1.2200351306944202,0.25429230389930957,1
647,0.9795079192820895,-1.2309489383866183,0
648,1.7635933374274724,0.3492084160191558,1
649,0.8573206502687272,0.8258752424784698,1
650,1.2026422306157751,-0.8148004900074555,0
651,1.2889608719124197,0.2821708662208038,1
652,0.6022655253696859,0.5000828702866534,1
653,2.2339633262666694,-1.322178363005537,0
654,1.7255102452494366,0.61678183253981,1
655,2.7553278656734346,-1.0515817300708032,0
656,1.6959381269281186,0.6801257298015453,1
657,1.4973785219451086,-0.2737312912409826,0
658,0.7263314086417137,0.789718238460329,1
659,0.4792136318304828,1.0957599779514546,1
660,1.191736727792185,-0.5683340988271951,0
661,0.5375312388372648,1.395879579123846,1
662,1.2173201511224359,0.18701005613870736,1
663,0.9040379818489696,-0.188674047331296,0
664,0.8853644158140045,0.783267170884165,1
665,0.5179464065840387,1.2858668398071784,1
666,2.0174338255692152,-1.3161989239066572,0
667,0.7976951544030186,0.8636756048180202,1
668,0.8294619908792213,0.40125383121075764,1
669,0.2607331250203231,-1.0521604370174935,0
670,1.5744434716144626,-1.6981311200339015,0
671,0.8024001810485628,1.0643013100947925,1
672,0.6977364636626158,1.4271885409284657,1
673,1.666016490456331,-1.717193855709799,0
674,1.2736059295619517,0.6011375705657389,1
675,1.2388938923596087,1.4773717515338483,1
676,1.1374747861856302,0.6521583459515335,1
677,1.4101200504213807,0.4538251111694917,1
678,1.6086919378064508,-1.060081627064037,0
679,1.968305802969132,-0.06429059190977437,1
680,0.5689853816470813,1.8161433391626012,1
681,1.0257548040743332,0.9566158308983829,1
682,0.897417148338655,0.3011439459440224,1
683,1.376298851319162,0.6871658854482015,1
684,0.9265811422150552,1.0488007647974755,1
685,1.3469732120447429,-1.408449568362511,0
686,1.558060018021476,-0.14369039165447728,1
687,1.6820774242699292,-1.3821250569303212,0
688,1.954742111239355,-1.669543210142739,0
689,1.978245718546253,-1.7877042976196096,0
690,0.6615393423141431,0.972130392591446,1
691,2.0558134456352093,-1.1653087827257025,0
692,1.4759491075533901,-1.1662635096106477,0
693,2.215461049452071,-1.7996177055186158,0
694,1.1479373418046168,0.9719889779039821,1
695,1.499800384064267,0.5852958116169809,1
696,1.6180144848263043,-1.5378188711992702,0
697,1.093109599689218,0.8849610461001245,1
698,1.4473805033275917,-0.8408645225230895,0
699,1.4435067386369251,0.32193764286386295,1
700,0.8860864753602937,1.624015083512494,1
701,0.6215968970116116,-0.23222244548947235,0
702,0.34728047175717935,-1.0406688826482153,0
703,1.758075746714291,-0.7411461853728366,0
704,2.0106421377755703,-1.4945751948965855,0
705,0.23722405926103118,1.9023201294768106,1
706,0.5888589157654096,-0.7304486049641503,0
707,2.351121257000613,-0.9632515759099713,0
708,1.8969130161783154,-1.189365413795423,0
709,0.987290360114108,1.6754550394173369,1
710,2.3779938359415107,-1.3140881059925882,0
711,0.7339485500586773,1.9321541252895311,1
712,0.9557938281042324,0.8488020439206135,1
713,0.9256297851804898,1.0437646088651693,1
714,1.5672028646549272,0.6076840056136212,1
715,1.571442624428613,-1.4011483127556836,0
716,1.9165528269611536,0.40681112771891353,1
717,0.5512642089727275,-0.6953387559729778,0
718,0.005262388632312431,1.3829333252822047,1
719,2.0981329956365555,-0.2746571135931879,1
720,0.49482560217401317,-1.0416274335064701,0
721,2.1274012153296074,-1.3725016963695496,0
722,1.6995018916657174,-0.44846561458670053,1
723,1.860492676797492,-1.9354545116487938,0
724,2.828174504566911,-1.395639492097441,0
725,1.377436368359809,-0.9776451376157931,0
726,1.3943177253722934,-0.8444820230137415,0
727,2.08609847695722,-1.2241092726777403,0
728,0.8058473985720234,-1.521108697229689,0
729,0.23041881175849244,1.416783096995785,1
730,1.9734764054058167,-0.2555337278383103,1
731,3.0282334897666012,-1.5621664705932394,0
732,1.6449674397453884,-1.156553311884169,0
733,-0.4292917994540819,1.7339167201464778,1
734,1.655369961769105,0.5114053093606616,1
735,0.34644963237337834,1.2550936720124917,1
736,0.686963918611891,-0.5999626772845119,0
737,1.6754310946311655,0.6822894542853712,1
738,1.668660716397032,0.4676132732848466,1
739,1.5893304541299587,-1.1091727803061215,0
740,2.3146745666345794,-1.3111033400142718,0
741,0.6296868168485995,-1.8046035506808855,0
742,2.4975223685040624,-1.5204085004283363,0
743,2.886457668525546,-1.0264397424670426,0
744,1.0484941152149412,0.9017171549203714,1
745,1.691332156621184,-1.3111978466274927,0
746,1.4805263258270993,-1.3435035807329003,0
747,1.640163646346679,-1.7783523174353402,0
748,3.4951024569499203,-1.6530735236331617,0
749,0.555271689319945,1.4361275509048075,1
750,0.7572358935799608,1.212080277919417,1
751,0.862583587855994,1.1653005062074735,1
752,1.0088050606433143,0.809550677233448,1
753,2.315663692772248,-1.6472077442306905,0
754,1.3983480055183077,0.9891808231524393,1
755,1.24280273661738,0.9780710878803291,1
756,0.7453120409515317,0.47166175264078114,1
757,0.2632906308819343,1.1065723538459569,1
758,1.3682783851308362,0.09590347995512194,1
759,1.8076263612654477,-2.3751266978825782,0
760,1.461269805507059,-1.379677431645177,0
761,1.8595942889163564,-0.7548890281251083,0
762,1.1997763843644755,0.06481161499758414,0
763,0.6522752561097175,0.4165983240730666,1
764,1.4882781930594917,-1.4934419927030798,0
765,1.960657602981554,-1.367865513195381,0
766,-0.0783370844834308,1.9864995500477938,1
767,1.1606156490147006,-0.7572960266448439,0
768,1.4767662594375268,-1.197788714910866,0
769,2.89055191570022,-0.5750776185171059,0
770,2.1628415982240043,-0.9955862919835623,0
771,2.704694409715045,-1.752063303411076,0
772,0.17115271129019782,-0.3158317235753383,0
773,1.452987368917028,0.4731672789025972,1
774,1.396026536387779,0.8168811834106717,1
775,1.930775309222461,-0.6643127109758766,0
776,0.5640437816113855,-1.2794061989289418,0
777,1.2018619801865713,0.6226037396382147,1
778,2.225450547148165,-0.3023883715263904,1
779,1.8757781896465504,-1.4436881369367143,0
780,1.0650719556443975,0.8493001148998864,1
781,0.9041214425938792,1.1540397567588874,1
782,1.7692661513587309,0.05605039969098591,1
783,1.590332353952144,0.22085652529593414,1
784,1.9719418192552047,-0.8063159008497415,0
785,0.6309543719023547,1.3475704617665407,1
786,1.7858571359960964,-1.4057143477541119,0
787,1.0326333826680827,-1.4951448507833476,0
788,0.6936254301708568,-0.37409132725947725,0
789,1.0123636125836346,1.2230414462612833,1
790,1.6376790236105516,-0.2671496421855384,1
791,1.1937801823862109,0.767203196749335,1
792,0.9243193924931105,-0.5625000599721122,0
793,1.7115542764516114,1.0284086678949376,1
794,1.3258907821471733,1.1911443888602093,1
795,0.34667982840675804,-1.1046228975328392,0
796,1.240602457073573,-1.1046779304038845,0
797,1.959217482897912,-1.0851540755836904,0
798,1.295934044792563,1.516108865446717,1
799,1.6537451792781066,-1.0586708662850308,0
800,0.3844611426043292,1.175712259752422,1
801,1.4605737823001885,0.13878504392019464,1
802,1.8089713672757566,-0.9452272382609368,0
803,0.19581166362876745,-0.6156168740370003,0
804,1.5567144159656892,-1.13596849076132,0
805,1.048896723139612,0.879257283988625,1
806,1.3203077739867455,0.38655289312391317,1
807,1.700549492051481,-0.8574308236882124,0
808,1.132137450249187,-1.4631875270338783,0
809,0.4219907073362349,1.7548732838011563,1
810,0.946788673505509,1.0253628496795155,1
811,0.7946711134647105,-0.6208050225305716,0
812,1.287091228798521,-1.1978138139306096,0
813,0.4822643532636198,1.0623240988994367,1
814,1.617417618846813,0.3670578136851024,1
815,2.271250216698438,-1.1661216996348025,0
816,1.640983400854027,-0.8943066976286864,0
817,1.8364311589665334,0.1189946459083544,1
818,1.5036568790055513,1.0969150828310088,1
819,1.8171762474919104,0.19461124373077343,1
820,1.439963307372103,0.5978778646413763,1
821,1.8516495265175605,-1.3452132671360273,0
822,2.2657016261225182,-1.1620160915013371,0
823,2.8520981867666353,-1.6265314724158366,0
824,2.5438848882005742,-1.0546339332109795,0
825,1.758323070006704,-1.0205962072953638,0
826,2.5520882529975815,-0.7777234260962483,0
827,0.8936094085029547,-0.9387753812105588,0
828,1.810902176047374,-1.8302334154428264,0
829,2.7637529485135595,-1.4375937751725527,0
830,0.3819552384520296,0.751125673058768,1
831,1.080412627959644,0.6334633764134889,1
832,1.4847647507847455,0.274610833472529,1
833,-0.08796079134975199,-0.6070748787848768,0
834,0.6344327506224949,1.0856694123536617,1
835,2.4166909745414484,-1.8263989549926551,0
836,-0.6547716484993134,-0.7884108757422463,0
837,1.3136374238687933,-0.669732706980197,0
838,2.3085384526201276,-1.7581911160447548,0
839,1.0032726242211871,-1.4274303558216408,0
840,-0.06180604991018268,-0.25000829921183576,0
841,1.961955462479414,-0.9364151534359314,0
842,2.299832068952738,-0.6383129842766511,0
843,1.1619368640494012,0.3929130122708939,1
844,0.9248478427226627,0.6238853699689825,1
845,1.4780435282135351,0.15632734071263832,1
846,0.5255971906245307,0.5923585999985184,1
847,1.3127001988611557,0.9097247757736597,1
848,1.007714940644885,0.775958576602641,1
849,1.7074949034744433,-1.8546836785718077,0
850,1.4908405642530145,-1.313611959789492,0
851,0.9374691103050707,0.30714024901805026,1
852,1.4699733160631039,0.19152035077717733,1
853,2.0528417162127632,-0.9253992699961016,0
854,1.9053449707203194,-0.8992414339782624,0
855,2.276361763971674,-0.7555818379835094,0
856,2.1905412378149576,-1.841167398272347,0
857,0.7168697072024991,-0.8379167335447323,0
858,1.4341528140781994,-1.6589431112565713,0
859,0.6808737142473019,0.7960509107894373,1
860,3.204603875786378,-1.6174373361129653,0
861,2.0696011838380697,-0.6133282699008196,0
862,0.9694420770872314,1.0204754717496094,1
863,1.2415329713758274,0.2380615249403395,1
864,0.9320464627197964,0.8152134325588775,1
865,0.7039462751884837,0.25646865675949204,1
866,1.6953449868150947,-0.618522752141272,0
867,0.7994877344519074,-1.200152970706831,0
868,1.4245398996780159,-0.40242053078906836,0
869,1.7777127625395577,-1.5938139610656554,0
870,1.334693234754847,0.5381828717129916,1
871,3.0090430030071103,-1.5318056997452805,0
872,0.8889581528115025,-1.3259054224977755,0
873,0.9963316217648758,0.37469862335749304,1
874,0.4106658789589064,-1.079500270107661,0
875,-0.40491564722287965,1.979407478490088,1
876,3.2655671849956946,-0.9028336875490266,0
877,1.121268162430034,-0.5757637343036459,0
878,2.1080264159788302,-1.4319403888571078,0
879,1.433026957788053,0.50592519503425,1
880,1.7714771643623202,0.7868904457022621,1
881,0.9322255615493893,-1.335465326020266,0
882,2.245508843910624,-0.33984593050722056,1
883,3.221788818281843,-1.7909581083332684,0
884,0.5390943739066318,1.4910043569941582,1
885,0.7943322703790567,0.963591558226906,1
886,1.4421964000111744,-0.1012428182029117,1
887,2.497796605187312,-1.0966619149144754,1
888,1.66868231410282,-1.2834828892994188,0
889,1.4799208083434032,0.4215309328702649,1
890,1.8243961694497468,-0.7296932764536912,0
891,0.7342567626821004,1.3641576693813873,1
892,0.24775831743287724,0.885792299321913,1
893,3.075968842283233,-1.3169106625320979,0
894,1.8582058383269762,-1.1409495100708584,0
895,1.521850999464824,-1.151536191414368,0
896,0.1987252208317274,0.3557452723566199,0
897,1.5850371413210154,-1.2574584660260115,0
898,2.907014798901149,-1.6807373281344482,0
899,2.1430473703076656,-0.42010843620993854,1
900,1.4997573550001055,-1.089041389776492,0
901,1.3294838369126014,-1.3737886040015184,0
902,0.13458106032477823,1.8235020020345967,1
903,1.8577368470746174,-0.8661704903756886,0
904,1.6360334966537398,-1.01931230355502,0
905,1.44211354273077,-1.110175701675459,0
906,0.4404738272681403,0.9194796017137523,1
907,2.0786953665004413,-0.7701204803936075,0
908,1.608023386868446,-1.845393723281084,0
909,1.495227306279419,0.3730402255362039,1
910,1.2154517849304058,-0.5332319711732842,0
911,0.2444015407633764,-1.8010242778697807,0
912,2.318035947491301,-0.7153407565405896,0
913,0.9814223827115682,1.4493237396285723,1
914,1.5678648217563684,0.3093193210549695,1
915,1.8200702921938832,-2.263919651850327,0
916,1.8661419560679184,-0.6256720639202673,0
917,1.4368759094263368,0.5291201195945654,1
918,2.0510309946475744,-1.2633286015399074,0
919,1.6271631410302074,0.09469918143161193,1
920,1.0750329711899076,0.8905387200004111,1
921,1.0037222106430295,0.7499749725089527,1
922,1.4667570898278162,0.17872126254448317,1
923,1.2315856005219692,-1.335837684355772,0
924,0.5328436631656146,1.511635888172941,1
925,2.247195888909899,-0.9371729539185821,0
926,0.6949269434758809,1.030926861903168,1
927,1.5029548762392846,-0.25792556637819497,0
928,0.2758070489489204,-0.9472266325418255,0
929,0.5681524430581912,1.4347297612345717,1
930,0.37462989398502455,-0.34067034813673747,0
931,0.8049082061592236,1.1097603593751462,1
932,0.08944274772703475,1.9961363470211322,1
933,0.6915357584424668,0.7676707762594808,1
934,1.1018147513316028,-1.024412329072967,0
935,1.4146853084074518,-0.8015581145218162,0
936,0.8789958226972923,1.7923002915040507,1
937,1.4775450241337593,0.13166678202778004,1
938,0.6954414417132404,1.728028591218029,1
939,0.9553605862393806,-0.02074895830843393,0
940,1.0090288451105427,0.13648057425395055,1
941,0.33433875116679457,-0.7042940965253763,0
942,0.5217405646505604,-0.245131590063848,0
943,2.372192059076765,-0.931177500342877,0
944,1.5306857196856434,0.22375602900948577,1
945,0.6393000418215466,1.6679634439618867,1
946,0.7578612445108404,-0.48606484063188216,0
947,0.8093272628280703,-0.3327757954216731,0
948,0.7490780281206242,0.5519881171510859,1
949,1.0745229511865273,-1.0753250483458088,0
950,1.6028193256389727,-0.78662746745804,0
951,1.6436938754503891,-0.2751445272875399,0
952,0.5543878989350747,1.2586336443896629,1
953,0.811786619609328,1.052797191468652,1
954,1.53664589204302,-0.9335131952001631,0
955,0.8242445185171332,1.06679816350445,1
956,2.09783369367232,-0.07380639255831456,1
957,1.5278987366760513,-1.6012459596246185,0
958,0.8267900963598849,-1.1047111691953049,0
959,1.0682538527384962,1.0105602637036122,1
960,2.890859063693617,-1.1549259738639543,0
961,1.4102792041948728,-0.14533258031051366,1
962,1.3967988457851148,0.6508040889009037,1
963,0.5217203798248455,0.8766196905076993,1
964,1.804813154425252,0.3951796277334345,1
965,1.2182571567597245,1.130155739035362,1
966,1.0517534688802592,-0.6724151461547084,0
967,1.3920571616990454,0.34986036316873037,1
968,1.7103481753872463,0.6762552045518074,1
969,1.1609577156680968,0.9867217005744784,1
970,1.5216564930161542,-1.1945902039650838,0
971,2.00374452985025,-1.3935862620927457,0
972,0.3569089254699721,1.6213303645954866,1
973,1.4340600577564622,0.9844242400608041,1
974,0.9054757819611825,1.2184926144686181,1
975,2.8784419588854324,-1.0080996138311789,0
976,1.4716264118895404,-0.9842807551998575,0
977,2.8577994931897166,-2.1444528987181535,0
978,1.5702467949289496,-0.8039290290377206,0
979,1.5763433913255513,0.36690434782231324,1
980,0.20882952056382487,1.4124041061436614,1
981,1.7627226136886018,0.16504877866766188,1
982,0.8196149984220115,0.6389384246271265,1
983,1.5297308301667316,-0.9281314438357923,0
984,0.42470168946263076,-0.7279468218105267,0
985,2.7171131313678325,-1.264469772461101,0
986,1.9602113725333745,0.1815668680502619,1
987,1.770406563849324,-0.8417972784987648,0
988,1.9986312024750568,-0.803402264676197,0
989,2.3401825721646627,-0.4832772483097729,1
990,1.6537512370996634,-0.13176934781368876,1
991,1.3345694459463373,-0.39698487670991733,0
992,2.136006106242594,-1.5540514235395981,0
993,2.153917539687095,-1.0325800684568092,0
994,1.134110092366166,1.0680122289328056,1
995,0.1157935480875334,-0.7132914016387619,0
996,-0.0491812474313682,2.3490835024367502,1
997,0.9677888541357108,-1.4048264798234453,0
998,1.85480298078712,0.49071526944456084,1
999,0.49561767065730233,-1.8459659695284498,0
1000,1.4347894530159113,0.6385344826131109,1
1001,1.760017263814616,-0.8507635138559544,0
1002,1.4236914541888792,-0.9384301097021726,0
1003,2.4353367700843123,-0.5616577076642427,0
1004,1.046634003974755,1.0675545808634563,1
1005,0.32852790868413195,1.138985025036126,1
1006,1.1291076140158414,-1.981078214668373,0
1007,0.28695481386224575,-0.49297799030663203,0
1008,0.854236159199087,0.488089085689598,1
1009,0.6508477449582417,-0.08005794850507253,0
1010,0.398571501526056,-0.8601117346422733,0
1011,2.493205883415923,-0.823908783108207,1
1012,1.4276037881714285,1.1516763900497837,1
1013,2.9181212383506665,-1.365932947639563,0
1014,0.9320892472913,1.418520871383059,1
1015,2.330670349955556,-1.6127251068802804,0
1016,2.215309983292692,0.3578809528770979,1
1017,1.8040547313108442,0.3814943538417799,1
1018,0.8663532782289912,-1.0204491541422127,0
1019,2.3696313564627833,-1.4546264358586023,0
1020,2.015588552742735,-1.7145932724671056,0
1021,1.5454773722104451,0.19599690522987046,1
1022,0.5847092436855741,0.47362560686371,1
1023,0.8073927762942392,0.670708364024911,1
1024,0.39117885136578334,1.7018336344093,1
1025,2.037591500459453,0.2959958386812496,1
1026,1.529374911239115,0.40216649110047736,1
1027,2.5019319859008236,-1.7341645713469294,0
1028,1.484544487354115,1.0418108277127252,1
1029,1.1524077561376171,0.18069010183066458,1
1030,0.4044898156791883,1.1543533082342443,1
1031,1.3701495513520885,-0.6899572746916676,0
1032,1.053886651717454,0.29607742611079324,1
1033,1.2169272584232969,0.8090175082530184,1
1034,0.3999839539104736,0.6977379825354235,1
1035,-0.22569359643409026,1.3504815052654977,1
1036,1.2908386935726994,-1.386832413487412,0
1037,1.2076504397969983,0.6512025772156411,1
1038,0.7210151711596735,0.806772397894983,1
1039,1.214688986691577,-0.23216329191805074,0
1040,0.764109661232454,1.268003396996959,1
1041,1.3235204805729386,-1.2174290774295586,0
1042,0.7961942283424415,-0.2523517745050705,0
1043,1.222798960428218,0.6577829077478803,1
1044,0.9683212900299607,-0.8599325981794383,0
1045,1.575794900745451,-0.9532903287306145,0
1046,3.4951235568575654,-1.9089060786368275,0
1047,2.7173467873032893,-1.355279546188906,0
1048,3.0344483466880106,-1.360100890403165,0
1049,0.5125670990417869,0.9125613921424967,1
1050,1.569894532310078,-0.916299597424747,0
1051,1.3538621948154037,-0.9475604693012687,0
1052,1.299865945142336,-0.8807203139270654,0
1053,1.8256216897705848,-0.6695781109220493,1
1054,1.4939578012029602,-0.8711797220439141,0
1055,0.8614095141310038,-1.3673944897062482,0
1056,0.7599375578713277,0.5798276521483876,1
1057,0.9149627864308105,0.7662609619644248,1
1058,1.5388397950713057,-1.0373721581551945,0
1059,1.6117557193003251,0.7126358365758947,1
1060,0.9442147024490497,1.120740037373335,1
1061,2.2061829434895723,-1.387314407505985,0
1062,1.715752879303673,-1.5044637487321921,0
1063,2.5497372869043504,-1.6163615472947868,0
1064,2.208990426311192,-1.7162005771495832,0
1065,0.5544412105466932,0.9530655277204654,1
1066,1.9909247050584729,-0.9851926629928226,0
1067,1.330840262390176,1.303802777592862,1
1068,2.098173352031663,-1.4968438654523302,0
1069,0.4762591417970423,-0.5135312696471008,0
1070,0.9354567311475924,-1.0437260868062759,0
1071,1.6874118653059333,-1.1258904626722324,0
1072,0.9515436031123435,-1.3785694601363687,0
1073,1.2135854715897785,0.696500165517107,1
1074,1.061530007117613,0.025141302347224448,1
1075,0.6414654377406825,0.3032999164245265,1
1076,1.6536399309186844,-1.1544605628421232,0
1077,1.181036902157726,-0.21159802269769545,0
1078,2.4376804700576282,-1.1694800310244273,0
1079,-0.2556066902228711,2.0408125302149944,1
1080,0.518174529926347,1.1316535908029135,1
1081,-0.28986990054579076,1.2745640526509008,1
1082,1.9121735259379817,-1.076888657915303,0
1083,0.010651595349181253,1.9441659331327052,1
1084,1.2838232103578409,1.262279604093539,1
1085,1.37033229278732,-0.5516880861701444,0
1086,2.353868864497918,-0.8920589406141564,0
1087,1.400150621203708,-0.6827994347024479,0
1088,0.7739011831136978,0.8106023629499486,1
1089,0.9719735301158953,0.5717850177194246,1
1090,1.3988399084750227,-1.091578728717264,0
1091,0.8239070895373402,1.0507225523073955,1
1092,2.200968620585102,-1.597757189796408,0
1093,0.872129518259934,0.23032658173734566,1
1094,0.6438041923380303,-0.7810341782684609,0
1095,1.6050036040100482,-0.020738381351294688,1
1096,0.8339362440810139,0.8924741596095902,1
1097,1.9988114550393055,-1.6530983702176059,0
1098,0.8357546479247708,1.345904513415376,1
1099,0.9098891888632336,-0.872093592666161,0
1100,2.4740083819188756,-1.9787517007014541,0
1101,1.022047229222973,1.2404524218822588,1
1102,1.5974147592916002,-1.2969720978729853,0
1103,0.7581981338139103,0.9565655009638998,1
1104,0.44260403290623795,1.1607009758147273,1
1105,0.9671607031446183,0.5192516863882113,1
1106,1.2564903058553014,0.16774912404561482,1
1107,1.7271870234386117,0.9228461025486805,1
1108,1.2598336871782636,0.5745732505109452,1
1109,0.6489987878657089,1.0149404476605004,1
1110,2.466755587111809,-1.3554856659757188,0
1111,1.3030094154236187,0.1419538967152858,1
1112,1.4692374089695597,0.5057634155065616,1
1113,1.3475048984669677,1.0624991854000052,1
1114,0.968438956868945,0.888858543413312,1
1115,-0.5222372699328164,1.8184510335159898,1
1116,1.4447782378049059,-1.0295296049071752,0
1117,3.045007694782198,-1.640569643587563,0
1118,1.5821979568227793,-0.8300480897797058,0
1119,1.4647233768804897,-1.3862049764385218,0
1120,1.2356219182970354,0.8967253975687209,1
1121,0.26523061255363867,1.521703617879488,1
1122,0.9061482079310286,-0.26633263156388143,0
1123,1.487229722335667,-0.584677097297815,0
1124,3.3211069779821996,-1.119382288962719,0
1125,1.8888460227260389,-0.4988053814477029,1
1126,1.3463971583718033,0.4661436312553761,1
1127,1.6545536031007155,0.7493610714189111,1
1128,1.1063135379865774,0.7533437780686737,1
1129,1.3921901285771292,0.36467090355218307,1
1130,0.9106586460917356,0.4953701161327733,1
1131,2.09309345254465,-1.081466136321771,0
1132,1.0602472354413939,-1.0680526983544179,0
1133,1.9181068573108897,-1.544288044767013,0
1134,1.4770813622421166,-1.352751554218706,0
1135,1.0639628327699298,0.27828691937868455,1
1136,0.9633521793826001,1.1647366178852938,1
1137,1.0001867434041702,1.6327785181446268,1
1138,0.3358307997696781,-0.8072768753209912,0
1139,1.0633272580591557,1.2604998671479697,1
1140,0.9992235552937103,-1.2773161851887709,0
1141,1.8726483108530907,-1.0759496431290745,0
1142,1.723965242587046,0.8078813584618234,1
1143,1.2808472105365627,-1.0131425724379117,0
1144,-0.03535132413484332,-0.4508672208528909,0
1145,0.09290780874004656,2.175993957660589,1
1146,1.5255977677416097,-1.0303416503610225,0
1147,0.2623850984135945,-0.3437991415731845,0
1148,0.4729912909963945,1.318638521032372,1
1149,1.621218288123158,-1.4427798193360997,0
1150,1.3072987247949017,-0.8156311098050142,0
1151,1.4345028293836122,0.6373295519972093,1
1152,2.3961933248994045,-0.41842058803077187,1
1153,1.2358994238112746,0.13333193256967868,1
1154,1.028615932524713,-0.8844014636288371,0
1155,1.161671370463031,-0.35043547827659915,0
1156,0.9767802301137569,0.752751086185098,1
1157,1.2848650648131614,-0.9867715678124641,0
1158,0.47512443885175637,-1.0757361007702024,0
1159,1.01760187789037,0.4891936511321788,1
1160,1.0745263393171651,-0.5921386846842255,0
1161,2.5390973910086796,-1.2012491257050921,0
1162,2.369501523150137,-1.5197314269962088,0
1163,-0.29676022704767013,-0.7630265708870877,0
1164,1.247830075008045,0.8513367682905116,1
1165,1.1791180600077715,-1.9914547701050596,0
1166,1.5314379340472395,-0.8455091362618727,0
1167,1.1835386512021477,1.5037224218370047,1
1168,0.2611705536376753,1.5374245852463446,1
1169,1.6101863900561515,-0.22909552951700363,1
1170,2.598609340476491,-1.7389465333108407,0
1171,0.7286176293236705,-0.5124880164221297,0
1172,0.9364648552756303,0.7010410496310016,1
1173,0.6243914582834538,1.392348730430287,1
1174,2.208162777118919,-0.26896189119976244,0
1175,0.638571202605481,1.0066999046749805,1
1176,1.886874780443585,-0.4061606246144934,0
1177,0.6692404393049012,0.7801594702846968,1
1178,1.5929590789019326,-0.04314555649175311,1
1179,1.6500751188031555,0.850685621752522,1
1180,2.4818836511097166,-2.002691879181912,0
1181,0.7187807044632167,-0.9525761043246277,0
1182,1.672032424119549,-1.6330561085781543,0
1183,1.4799538518819562,0.21424641207866557,1
1184,0.6861511769946087,1.1427727774878793,1
1185,2.005896264309428,-1.1581191450163064,0
1186,0.8316901902223622,0.7884354499687652,1
1187,0.6975455165133899,1.304169804981763,1
1188,0.8286131678133675,1.066151081287273,1
1189,0.6913844520005439,-1.026169519938247,0
1190,0.5955306841200464,0.7058195447188484,1
1191,0.9515244814223103,-1.0559588104825313,0
1192,0.6197226529300397,1.1313669548048804,1
1193,0.33179401851778334,0.7556981531651068,1
1194,1.760983027293503,-1.3433886868877678,0
1195,1.8173308033677196,0.8936546692857833,1
1196,3.192103674528426,-1.8574923815734246,0
1197,1.4600801940345929,1.1569792051116297,1
1198,1.788722514277061,-0.8085554833224109,0
1199,1.3846184659903051,0.92462659141721,1
1200,1.2740888800248014,0.5415501393142981,1
1201,1.2658237169752624,1.2779490857875397,1
1202,1.2705841111291563,0.6275799777929036,1
1203,1.929345972396866,-1.2757206152747698,0
1204,1.6784534349583566,0.5771790886551935,1
1205,2.8017265000926335,-1.797989258419481,0
1206,1.9795024984843415,-0.7546258558493952,1
1207,0.6137734277111183,1.067633561199294,1
1208,1.620052763151425,0.9682336214742927,1
1209,2.755192361654178,-1.4030736523285998,0
1210,0.9418055250428119,0.40264787431918814,1
1211,1.0006025504801292,-1.9910655776049173,0
1212,0.46454663926713846,0.8984054251889733,1
1213,1.344398104522598,-1.614089661952928,0
1214,0.8573471047549579,-1.0593591860112894,0
1215,0.6749361277702035,-0.9555770955867373,0
1216,1.7951468109860262,-0.00968163878822692,1
1217,0.3307550291623155,1.3106534916527965,1
1218,0.9134740871961352,-1.0342040980964102,0
1219,1.2388964140873342,-1.261550522497819,0
1220,1.2814815503724235,-0.7591224895496416,0
1221,0.621822055442744,1.2175916193900194,1
1222,0.753085629002121,1.3738214811638365,1
1223,0.8682566774015587,-0.697099456107188,0
1224,0.9966181522176201,1.271684488497168,1
1225,0.5270654000211673,1.7156819076161052,1
1226,0.9333030274363799,0.7485047328439721,1
1227,2.4610518105946273,-1.443601738636866,0
1228,2.2710540522001175,-1.1742074454231444,0
1229,1.4374469027486263,-1.3587864202774653,0
1230,0.4839724131750327,0.3177030612190894,0
1231,0.2757979513713007,1.1209812183658532,1
1232,1.4061147643173695,-0.821272010822922,0
1233,0.4303597677669443,1.4661817156669883,1
1234,1.778874918958129,-0.30824793381799287,1
1235,0.6647688139902824,1.357529260053405,1
1236,1.4424495934341124,-0.9813936036095432,0
1237,1.1683344198457606,-0.5641149776415006,0
1238,0.8113928627960024,1.2324571193491065,1
1239,1.5283101874734615,-1.5316374101010901,0
1240,0.6719232433797511,0.09397305106109721,0
1241,1.711572330660332,-1.6503975068159655,0
1242,0.9778114108789447,1.0097559490115522,1
1243,0.4811170200385124,-0.3545806392267553,0
1244,0.6433848818068653,1.3079511253890275,1
1245,0.5525759035175877,1.9847006882299585,1
1246,-0.20297608838345949,-0.8842009541409857,0
1247,1.0296901990807097,1.032931478108202,1
1248,2.209604806475563,-0.8124145756282973,0
1249,1.2580670191588825,0.6996813956520551,1
1250,2.4131509998963154,-1.0351762826116544,0
1251,0.535456310789725,1.306307598386984,1
1252,-0.05055098475107833,-0.6757782945349938,0
1253,1.1668860815463185,0.9678778200479333,1
1254,0.8246725991162958,1.0345574109286517,1
1255,1.4906791114312345,0.8973656136766653,1
1256,1.4485203217073028,0.4145839503774077,1
1257,2.052398736938368,-1.8299954408588572,0
1258,1.5827814452591402,0.1743653722159919,1
1259,1.375914181010053,1.0365540847569512,1
1260,1.9275511365621407,-0.46989338988792917,0
1261,2.5491341622342167,-1.7055496124722156,0
1262,-0.11772148990454578,1.618770205632945,1
1263,1.4323724274764498,0.5975053721792281,1
1264,2.034172805943486,-1.6454377381208474,0
1265,1.9803399645821917,-0.373914764541013,1
1266,0.9263685724212773,1.2343401814836519,1
1267,0.408149726734099,-1.381361890167778,0
1268,-0.2956808494252645,1.8934824647533746,1
1269,1.1457944501952977,0.563243740045915,1
1270,2.651878798569488,-1.3467681952700947,0
1271,2.1071730507036968,-1.682052960317854,0
1272,0.7236548090381203,1.6753062553369353,1
1273,0.15133835610710078,1.5830426341833828,1
1274,0.9441723615065546,0.8147099193576918,1
1275,0.8586389288222512,-0.7398619327731706,0
1276,-0.08419061160246089,2.2388840681721165,1
1277,1.798409827209582,0.46535057448184014,1
1278,2.157061677553423,-1.355245350771746,0
1279,2.109551875080645,-1.4159976356313246,0
1280,1.2212465094461251,0.28266343286357876,1
1281,0.5365445822200359,1.0356794264548475,1
1282,1.852077629796568,-0.8721766813777276,0
1283,1.6386645208687305,-1.06974124290674,0
1284,0.7534127328789969,-0.7638034654125794,0
1285,0.7431255663550977,0.2076793919977129,1
1286,1.0198559173554749,1.0591523027683012,1
1287,0.17414322982343156,-1.088461682689929,0
1288,1.7274460263014868,-1.0758005035951455,0
1289,2.5140038169684216,-1.0335879036540132,0
1290,1.2888783034043136,-1.754807282977894,0
1291,1.7456804433950284,-1.031481356397162,0
1292,1.4539182132303106,-1.8353703692415055,0
1293,1.698729520753323,0.6192920674982907,1
1294,0.5897115637142475,-1.3591696492802083,0
1295,1.473565882183883,0.7532971737709299,1
1296,1.4208820734016425,0.8605983192873043,1
1297,2.5678787485335235,0.13749918992569954,1
1298,1.9490321840155924,0.155743972967052,1
1299,1.704716560244488,0.13687305098186975,1
1300,2.0484776444238166,-1.307364757580752,0
1301,2.5812193985235328,-1.4623721368819171,0
1302,1.2134463186098459,-1.3351956958072986,0
1303,1.8814910339882769,0.7660484964241266,1
1304,2.452835467812082,-1.0063675754988264,0
1305,1.0384842798166025,0.4878625430645928,1
1306,1.3032989633553724,-1.6355440543719868,0
1307,0.9828255550120619,0.912029604667423,1
1308,2.2491471348755034,-0.3447884744559704,1
1309,0.1155838248318668,-1.3170476519786463,0
1310,1.0933627429101285,-1.2971421989370182,0
1311,1.8386039095598248,-0.6933572595245924,0
1312,2.2627961637872938,-1.2206142238086926,0
1313,1.2631555755075103,-0.2593011014837505,0
1314,0.7956728387034671,-0.043667997163229666,0
1315,2.212292525505655,-0.7100554660424332,0
1316,0.44224532283144224,1.226202641048456,1
1317,0.9230638098426734,-1.356142349309647,0
1318,0.6658108701424291,1.028193483395895,1
1319,1.4743521054671307,-0.17163531521890918,1
1320,-0.1093847614079193,-0.7394805795915383,0
1321,0.6036101744042123,1.025613561882258,1
1322,1.9129580286523797,-0.9314807117188972,0
1323,2.314200607228042,-0.37494793552402506,0
1324,1.6597278906869029,-1.248316213829639,0
1325,1.442434560267603,0.7182460879863521,1
1326,2.0635323837581465,-1.4745881305892197,0
1327,2.4337281105037616,-1.9041943894733244,0
1328,1.4395268526917935,0.7463310937913792,1
1329,2.972746050160602,-2.1423480510051816,0
1330,0.5890490957846763,1.0002256553038062,1
1331,2.166314317507311,-1.6593179742337625,0
1332,2.636922444551423,-1.6701469478768949,0
1333,1.1735251916474096,-1.0888561397615235,0
1334,1.1494808771895508,0.21708365683411412,1
1335,0.03215497858733429,-0.34744549733318997,0
1336,1.0452491034124853,-0.49742236421218045,0
1337,1.961227571931471,-0.07705896910102294,1
1338,2.0415512760128016,-1.676382477355621,0
1339,1.7774289230814886,-0.23715336077475124,0
1340,2.60199464416409,-1.274774442157516,0
1341,0.8076265823576598,-0.6981442740634309,0
1342,3.072961763800862,-1.4513186688425792,0
1343,0.20987751768205354,1.2962632422851907,1
1344,0.9759711241758404,1.3809096187778684,1
1345,0.6576647734512563,1.5599584847759849,1
1346,3.07724564867101,-2.250104010180562,0
1347,1.0775530925167587,0.5056789154526081,1
1348,0.43295694426029374,0.6786804928798316,1
1349,1.0078366415533635,0.4284535405135789,1
1350,1.8864852963329004,-0.9972968699119329,0
1351,2.3502178858314937,-1.6631439162706325,0
1352,1.829083290740912,0.9217325962473175,1
1353,1.655832378508005,0.5710564796476596,1
1354,0.4893355185501016,1.3029401124829656,1
1355,1.4759262401379263,0.19816669500876405,1
1356,0.12775034136564534,1.8554328159192472,1
1357,2.3954193888710362,-2.4754627757689627,0
1358,3.123389364031138,-2.3475794822004685,0
1359,1.8379676057648315,-1.5143955073517104,0
1360,1.285349506102458,0.07807680050524024,1
1361,0.42048474454023765,0.86983701019662,1
1362,0.5926558105542851,0.7048772125466021,1
1363,1.567030926637015,-0.07865258223434024,1
1364,1.989852871933283,-1.1952519632461904,0
1365,0.6336827775109064,0.5713226863234001,1
1366,1.0449864640670392,-0.36197052442704747,0
1367,1.1967117383289505,1.2536788031868586,1
1368,0.8569496142821514,-0.6213505526852559,0
1369,1.4688638313668927,0.5451423640139239,1
1370,1.4682474120837241,1.039778618927878,1
1371,0.8607445356876728,-1.4779207747035403,0
1372,1.2743379194962428,-0.7776600350653641,0
1373,1.7849741594185418,-0.1193036552013047,1
1374,0.16181629944760134,1.4714170123532746,1
1375,2.4989186747296364,-1.4409821814907944,0
1376,1.0525001855388598,-1.372003071454233,0
1377,-0.08601440065555943,-0.9091024567285056,0
1378,0.32928608954769123,1.3021984450798985,1
1379,1.3200920019771545,0.6194268542450163,1
1380,1.3765173461661906,0.8553986959568739,1
1381,1.6131343781699605,-1.45120823462608,0
1382,1.3887179809192687,1.0088332522238017,1
1383,1.013617952123007,0.5252393175417749,1
1384,2.35747663040785,-1.792567187333892,0
1385,1.1610355173104403,0.644801135883381,1
1386,2.943655049977759,-1.343380386645642,0
1387,1.2031873083586646,0.6913977000000044,1
1388,1.3168317353082482,0.4477461272490156,1
1389,1.3832272303849868,0.7569919522919079,1
1390,1.7797853150860337,0.5404308736330917,1
1391,1.3177519041698362,0.6055605768774153,1
1392,0.9359296477190792,0.7118774563396474,1
1393,1.6669696244874228,0.6922084020239887,1
1394,1.5253797572323586,-1.3017194238939094,0
1395,0.9422727292275356,1.0396842482827295,1
1396,1.9016756794682614,-1.7416726714025428,0
1397,0.4341839220469954,1.6434063711919138,1
1398,0.4038247733722987,1.3604854412311773,1
1399,0.5472094548685404,-0.7450500470184711,0
1400,0.5515602460957257,0.987455372424213,1
1401,1.6153029053962726,0.3756170472553162,1
1402,0.9082732726436086,-1.0770914550772925,0
1403,1.370257377562872,-0.8125351141381578,0
1404,1.7568498789088562,-0.2855998039760932,0
1405,-0.41271224713294474,-0.1586978587962634,0
1406,0.8327231290787649,1.3814888382142914,1
1407,1.990410942047618,-1.0650866351902863,0
1408,0.4166753495176506,1.3605383956248693,1
1409,1.0685628185844158,-0.8993279899580637,0
1410,1.4476583576125561,-2.298403842150525,0
1411,0.7336916330349337,-1.382128314931283,0
1412,1.5235588636489146,-0.3452578559517434,1
1413,3.0045392616934836,-1.6254579394348614,0
1414,1.0730438982170158,1.096333228111403,1
1415,0.36923314693584297,1.4196655582849458,1
1416,1.5778936933540595,0.6636826565219668,1
1417,2.3684568673596744,-1.4631809005850946,0
1418,1.2487867966895034,0.561176177420314,1
1419,1.9983169965942311,-0.37334957879331054,1
1420,1.94894910903865,-0.47078659814317647,0
1421,0.9480847726633665,0.5699703105015467,1
1422,0.7068270208585408,0.995109670508473,1
1423,0.9264054455242066,-1.2012924270829368,0
1424,1.0439331690472307,0.7442942798421959,1
1425,1.107880243594015,-0.2824976553028513,1
1426,0.6640714903860787,1.1416012583457549,1
1427,0.9858391026906969,-1.03619349077998,0
1428,0.4033925960534187,1.1030178915812208,1
1429,1.5463811466107744,-0.7731528963265447,0
1430,1.5757367172079833,-1.2107966739425133,0
1431,1.2162451249170454,-0.6191904547628179,0
1432,2.836249770345259,-1.116334529836839,0
1433,2.351470457404158,-0.8687440769134753,0
1434,1.116077552595797,1.2469811263291148,1
1435,2.164233585349449,-0.6315928085562242,0
1436,1.332007892298432,-1.7704205277747351,0
1437,2.5142648477709986,-1.644070578350215,0
1438,1.4014251487782523,-0.08581420210236057,1
1439,1.128634522561211,1.0726579196877077,1
1440,2.4088977525555046,-0.3443122262590612,1
1441,0.4641893654953102,1.061681095229904,1
1442,1.047300730315487,0.6404688358735985,1
1443,1.4232887259804008,-1.404685492305398,0
1444,1.618501000445375,0.2039586189544853,1
1445,1.8065000752152416,0.4748596302858302,1
1446,1.6204318401772815,0.6055372362388705,1
1447,-0.17352973539534866,-0.6804532549221547,0
1448,0.34394235754472735,-0.7863350172967951,0
1449,1.1966428965105582,-1.4309577917366743,0
1450,0.47573318417810384,2.366962625554247,1
1451,3.431884447871855,-1.4731792734025246,0
1452,0.6810878527370618,-1.309811004564592,0
1453,1.8411989210671753,-0.33870084100475206,1
1454,2.4098990646663125,-1.5844707821978687,0
1455,1.217781703769586,-0.6853363349041076,0
1456,0.7847447522865124,-1.018140995253507,0
1457,0.6003367419316936,-0.32409458388862755,0
1458,1.23600418539663,0.28476134629704886,1
1459,1.4506732114469647,-0.8783767490056146,0
1460,1.0299074201901892,0.8943307817342714,1
1461,1.9430675157390058,-0.05020601616051046,1
1462,1.513059576042801,-0.9735161822894638,0
1463,1.881878668817348,-0.2548435830413922,0
1464,2.4683333123936038,-2.002020194161936,0
1465,0.25062043208374185,1.8363123085396253,1
1466,2.206273577463249,-1.5476543906972466,0
1467,1.0951904566283628,-0.8074671898522778,0
1468,1.7017279834103645,-0.3198223329639569,0
1469,1.2274222399964025,-0.8160654289654483,0
1470,0.8261851721652239,-0.9453305079242291,0
1471,0.88592358630649,0.7128698287994295,1
1472,0.5212137045931053,-0.4214251646095257,0
1473,1.2052610710575054,1.071666857451895,1
1474,0.7118187518518426,0.8173767645541709,1
1475,1.440815879925969,-1.23078207295201,0
1476,1.2050777535764714,0.5371807966508227,1
1477,1.8171994734704633,-0.6729450686351108,0
1478,2.7428700843682137,-1.4449272103834288,0
1479,1.3702416200211713,-0.34612830164074315,0
1480,0.009798386948330018,1.270551127926631,1
1481,1.4171460852331244,-0.7833967343993917,0
1482,1.580387031787618,-0.7329143640865535,0
1483,2.040391730259077,0.2303769007221872,1
1484,1.8839984469792874,-1.74605295095225,0
1485,0.3138927827004805,0.17709160004725466,1
1486,1.519316829805268,0.8854260908065672,1
1487,2.5804913601431774,-0.8107283122503404,0
1488,1.0741553092580607,0.6429830911233327,1
1489,0.6615452547118486,0.653339222678969,1
1490,0.7897830632871604,0.6828082186695377,1
1491,2.1058626140781436,0.40264217728928614,1
1492,0.8954189207501347,1.1829834119584608,1
1493,1.8492348738556423,1.0360446803720045,1
1494,1.971336880433319,-1.4865376696606512,0
1495,0.301758223121251,-0.7096072181313412,0
1496,2.2329831003546947,-1.3492548713693053,0
1497,0.9439898953304036,0.5081596132126438,1
1498,0.3321662369830308,1.446284503970592,1
1499,1.5487162026733432,-0.6692330631890058,0
1500,1.8494047796378652,0.16149095202349206,1
1501,1.8362048266835402,-0.6739011599556635,0
1502,1.023142873855466,1.2265505532217507,1
1503,1.4013951486245655,-1.109908413891153,0
1504,0.703478405068806,-2.0358173621661404,0
1505,2.0937023771454633,-1.025947403799098,0
1506,1.8472968597211914,-1.3369910415444362,0
1507,-0.05243416390081013,1.696063042220641,1
1508,1.4186439160422841,-1.0104356451277663,0
1509,1.745747142401669,0.02009230708228238,1
1510,1.245527112476432,0.496013655607514,1
1511,1.7922911877874828,-0.578000997633406,1
1512,2.0757594714708114,-0.21582692503141643,1
1513,1.2855569426939204,0.1660911466742201,1
1514,1.0770642712826584,-0.4407410224624245,0
1515,1.0441088168026318,0.27620664613592616,1
1516,0.8310428246797322,-0.8877191203446748,0
1517,2.1303724547651375,-1.1167107688634732,0
1518,0.9830316657316194,0.11857795034482388,1
1519,0.7838480454891864,0.9087414047854809,1
1520,0.9254233497436192,1.1076503713330825,1
1521,0.4552161624964368,1.0977978431019206,1
1522,1.3254498634011276,-0.7382382230537884,0
1523,1.36124109240571,0.3171078309405689,1
1524,1.2753910047185797,0.9610473163319327,1
1525,0.4554282763546955,-0.637789945727715,0
1526,1.0585367363157934,-0.06278019741171514,1
1527,0.2546501475741809,-0.7279676591790628,0
1528,0.3115391376276231,1.395315272439112,1
1529,2.018321919569111,0.4387117707161665,1
1530,0.5689062380733767,0.6723562781621888,1
1531,1.7179270363692267,-2.2270902520163727,0
1532,1.9735475651661527,0.3568275646433324,1
1533,1.4463489319740699,0.9084785069044019,1
1534,1.4086917540762947,0.5127415385583238,1
1535,1.942416732061898,-0.1669897106168735,1
1536,1.7212925777620276,0.9573860912578019,1
1537,1.1984824958720917,0.8212319985333888,1
1538,2.690086719888151,-1.553991323742875,0
1539,1.475876149517544,0.2006718007028112,1
1540,0.8521413124466755,1.09143475156946,1
1541,0.8988069490465644,1.4749847213198213,1
1542,1.870344588321443,-0.8878193005232197,0
1543,1.141914668472011,1.3184084972503376,1
1544,1.2721451118490767,-1.1545051427780522,0
1545,0.8516357517996354,-1.2848573500578526,0
1546,1.1503788362895833,0.5346155750122606,1
1547,1.561763570448595,0.41083534302480385,1
1548,1.4989185573054151,-0.725229526719739,0
1549,1.8236364930752356,-0.9699587275767586,0
1550,1.7940378647443502,-1.1948706081984424,0
1551,3.0983923152620845,-2.1001442007722133,0
1552,2.204314979533996,-2.326289750866549,0
1553,1.3241515934761454,0.639758316083548,1
1554,1.6983525922213367,-1.127702817046599,0
1555,0.17518773240121277,1.253672433501214,1
1556,3.041361397103341,-2.039448067697511,0
1557,1.4581184925294897,0.8462129516288647,1
1558,0.7303066658477515,-0.17143360336945435,0
1559,1.4774740488340217,-0.049947942325622385,1
1560,1.7082430945252474,-1.118964996152643,0
1561,0.5752689551812157,-0.9704464341717245,0
1562,1.1690178641219395,0.4929897432986483,1
1563,1.5244908266013448,-0.09837367775452233,0
1564,1.3303943792140638,0.5395151949372861,1
1565,1.74065500833943,-0.3188015540061113,0
1566,2.89286861705964,-1.6792282290245137,0
1567,1.8362052497559842,-1.2773226014534307,0
1568,1.8097942297806842,-0.8034916381813302,0
1569,0.46632331886559575,-1.1500357384283333,0
1570,0.5408943439347637,1.239623439203217,1
1571,1.1207960098197438,0.8206866286000685,1
1572,0.6718396961027123,0.7944250828689635,1
1573,0.4256995888085644,1.678782716231656,1
1574,1.4473438247196833,-1.0185136377915902,0
1575,1.772602693404414,-0.3952398719154586,1
1576,2.1695655034797987,-1.1235322217880546,0
1577,0.7237564069958703,-0.7120158681144237,0
1578,0.6484003276796062,-0.7881472556695608,0
1579,1.1881764431225053,0.9272863340462231,1
1580,-0.6084255296956502,-0.2146385717161461,0
1581,3.053436802157339,-1.058083142942233,0
1582,1.4266060058400527,0.4233440134993199,1
1583,2.1037152227380114,-0.6056085086326768,0
1584,1.4941271901894901,1.3262195723052237,1
1585,1.317868909512596,-0.8231382128201167,0
1586,0.11220782573264065,1.893703707148252,1
1587,2.1469239397164586,0.5840875990654667,1
1588,0.39971360551100177,1.1466859915304446,1
1589,0.6107573189992347,1.2833401909412268,1
1590,0.21339257951982327,1.4244261286003959,1
1591,0.524028127443994,0.9704477648931837,1
1592,0.887751889587495,1.2197710053589166,1
1593,1.2657711816228063,-0.7517680135118249,0
1594,2.0424804202661617,-0.2999091181772897,0
1595,1.0762878302806516,-0.35806723794046824,0
1596,2.663406213507123,-1.595539219875012,0
1597,1.8864325741903012,-0.1759299313857604,1
1598,1.020634918789472,-0.6408609506838144,0
1599,2.0646405172341145,-2.065140910089362,0
1600,1.1286739314899517,0.10483666661115865,0
1601,0.7002014135630534,1.2998651861651684,1
1602,0.3555463073779177,-1.149904008401938,0
1603,1.6641396972788836,0.6956848106362841,1
1604,1.6557195440236998,-0.12486843522105684,1
1605,1.7096875508687674,0.3875166341331877,1
1606,0.8405786428164875,0.5043101381022773,1
1607,2.087610040896847,-0.8573082849411295,0
1608,0.655167044564458,-0.9622246152053787,0
1609,2.164660314481775,-1.628108528716627,0
1610,1.55781601993929,0.1599613862848729,1
1611,1.1541409222116512,-0.7823177605310292,0
1612,1.7119652832439753,-0.22711178328659376,1
1613,1.4961731054088532,0.542298538392801,1
1614,1.7327236383685527,0.8298014814459813,1
1615,1.6971165096594891,0.38034562954811113,1
1616,0.7055614054049328,-0.1479925314709818,0
1617,0.6305701153690216,1.394658416627164,1
1618,0.29562752889800326,1.7112045594137149,1
1619,2.1076943223766555,0.05036457928192917,1
1620,2.5649787670744333,-0.5047858219034604,0
1621,1.5864066306168325,0.7258257048734377,1
1622,0.9910061977490837,-1.2134975955598053,0
1623,0.6591460633749655,0.729229827978877,1
1624,0.4567839897384949,-0.907604444026357,0
1625,1.615174599026041,0.4578952288394144,1
1626,1.8486089680027065,-0.85787778955956,0
1627,0.8090886195766473,0.7465384989952681,1
1628,-0.3428877957004508,1.7452019961721694,1
1629,1.080819041195991,0.3398167475608303,1
1630,0.538993389012627,-1.1767746893873137,0
1631,0.8837957155565133,-1.6144479475848457,0
1632,2.277331071282534,-1.0573721366601139,0
1633,0.880646527507801,-1.3275400575599312,0
1634,1.3364204615925268,0.6629313184407242,1
1635,-0.12046449215756683,1.7088812972906138,1
1636,0.26491436984133165,1.919673845786639,1
1637,1.0340884440370992,-1.268888271048556,0
1638,0.5219816571025186,0.5455054552048797,1
1639,0.668726339967747,-1.9036427167796142,0
1640,-0.02471601406536572,0.9542917773385129,1
1641,0.715939318771865,0.6868763804153484,1
1642,0.7796245478233124,1.5999493684703858,1
1643,0.3120581228345325,2.0830551970404914,1
1644,1.4253799603624386,-0.8659718437588861,0
1645,1.4909158301875638,0.6170476335816077,1
1646,2.3900729826118075,-1.0648647967362987,0
1647,1.190810297512595,-0.16765723244902442,0
1648,1.740256625708462,-1.2159476673220104,0
1649,1.7625209237607222,-1.2994488898172156,0
1650,1.8386879942171315,-0.5454128769553377,1
1651,1.472297212137318,-1.5724623943129972,0
1652,1.233754130458698,-0.829222258714559,0
1653,0.630333517835317,-0.9705697970028421,0
1654,1.5292946633815447,0.05255533549827318,1
1655,1.0554143660087978,-1.1780068595987516,0
1656,1.511621403749989,0.3796345270433887,1
1657,2.4331624174343487,-0.8917488651213901,0
1658,0.7702939387946773,-1.163189017931862,0
1659,1.6691165343714103,-0.13657496637733646,0
1660,0.468844707240917,0.7124503081194042,1
1661,1.2353191331045712,0.4276813445556627,1
1662,1.4206993661746876,-1.128697682851623,0
1663,1.6052634750998989,0.1279297231417682,1
1664,1.415039915170685,-0.8714225283486947,0
1665,0.8510077219108404,1.3050444802177532,1
1666,1.1246590121605196,-0.8459789864676721,0
1667,2.333536319334163,-1.6527260037456075,0
1668,0.8924082198802286,0.3823162976629492,1
1669,1.2973412226916032,-1.3947362864749002,0
1670,1.3287886049327702,0.5207673011932795,1
1671,1.5469576716698261,-1.36821403960526,0
1672,1.1008642789702239,-0.8363402411438194,0
1673,1.4636420346051084,0.7144220974684452,1
1674,0.870327905164282,0.866023853556551,1
1675,2.2462349541679663,-0.22174300385391033,1
1676,2.437447296687378,-1.2861575062394512,0
1677,1.3351960588254421,1.3191693947299983,1
1678,0.8319824037509673,-1.706516333092104,0
1679,1.9670907503942867,-0.8696003195675759,0
1680,0.9624901779818185,-1.15973132160099,0
1681,1.517596740869075,-0.012701124298788447,1
1682,0.16166405690630903,1.2721107090870256,1
1683,1.5265277830078994,-0.6852579717378304,0
1684,1.492995893339552,-1.1466887403972281,0
1685,1.1152945687197273,0.43831331166970006,1
1686,1.1575978521732986,0.17756347404347084,1
1687,2.1068605937350275,-1.3608341973169145,0
1688,2.053527277495717,-1.2107561290920776,0
1689,1.2216046674046157,-0.7899835600377606,0
1690,2.306160964990817,-1.4117407852349262,0
1691,2.753145425016866,-1.441779272297138,0
1692,0.6260486100942455,0.4048352393283317,1
1693,0.8425430112123993,-1.0111354359054165,0
1694,0.8001238707047802,0.5271987930149243,1
1695,2.3455047642051703,-1.1812656699407185,0
1696,1.212232391107937,0.7564234428897874,1
1697,1.3043018428372102,-1.450304174951705,0
1698,0.6427593309620099,1.6908411155403715,1
1699,0.1492352700141959,1.8797328839082246,1
1700,1.63694079222949,-1.5531831461381813,0
1701,0.846767908005367,1.184864523021781,1
1702,-0.26850462179743917,0.9564091525461652,1
1703,1.88641824201315,0.4070301709781074,1
1704,0.5270691731031847,1.026848391948734,1
1705,1.4395913569155976,0.5489520618503503,1
1706,0.5936038276032967,0.9327890847650389,1
1707,2.7083655540210687,-2.3045630433071667,0
1708,0.5325188857019498,0.3075607668945859,1
1709,0.8350748200202405,-1.2630878527523168,0
1710,1.6657447084515535,-0.1407230861504173,1
1711,0.7810505353570119,-0.4642535064955514,0
1712,1.2292481243130873,-0.8689373561236453,0
1713,1.4189014869673064,-1.8358040314526436,0
1714,2.9918427063213437,-1.4271922430661534,0
1715,0.0028440868097994176,1.8494083227945077,1
1716,1.1106418046862228,-1.0926730637336364,0
1717,0.686440888318142,-0.6749916202653552,0
1718,1.6023303698008546,-1.71945719378281,0
1719,2.0819667896567253,-1.2899685252654056,0
1720,1.7879809462062102,-1.1896072209427841,0
1721,1.7684484932694575,-1.8088426387356666,0
1722,1.383643908817005,0.5688632282248174,1
1723,1.652359652826436,-0.7652613889825154,0
1724,3.5159741061579926,-1.5561037295456621,0
1725,1.0775580344244908,1.2626852819887302,1
1726,1.498551571755074,0.4860788876283566,1
1727,2.2811697019401724,-1.5102462301408646,0
1728,2.0631814327626117,-1.243511098753631,0
1729,0.9561978987865445,0.8484517246360502,1
1730,-0.6381154680741152,-0.9598057530194833,0
1731,0.44635744125486476,1.5051861235236947,1
1732,1.3584799364013902,-0.7370007861869938,0
1733,0.9737639972198444,1.0575178230924909,1
1734,1.9958691174984886,-1.5811626328960386,0
1735,1.193929558582051,0.03749109751916291,1
1736,1.6355826051437967,-1.1434896816571707,0
1737,0.6062109010697729,1.5229923512464993,1
1738,1.5566163346702342,0.6889458937117783,1
1739,0.6765458435914584,0.68687596653045,1
1740,1.3110458515551524,-0.6809165184713357,0
1741,2.5048862280416038,0.22735774819330956,1
1742,-0.1510321071218168,1.843195339917561,1
1743,2.967676286032157,-2.293506923151047,0
1744,0.8216412201977347,0.6777557166658522,1
1745,1.8926374000206603,-1.2736766658393976,0
1746,-0.057299801700385844,0.011380715120869356,0
1747,0.45928516992930335,2.1040148374402783,1
1748,1.5544480515353707,-0.7438393783982679,0
1749,0.5360713304012868,1.403734879212649,1
1750,0.4577985709350847,-1.1955985566964635,0
1751,0.8592786384428498,-0.9954081303775796,0
1752,2.056882823016399,-0.23282707994338714,1
1753,1.4321280530340632,-0.23448341729556266,1
1754,2.8926256465398197,-1.0662876771390386,0
1755,1.1214431717217632,-1.1982408852703532,0
1756,0.6627664256903693,0.5305777087685344,1
1757,0.6887709868629983,-1.1976965432669218,0
1758,0.5711547739458431,1.5804021249576334,1
1759,1.4588276638105655,0.6018403652103778,1
1760,1.2364190505549348,-0.7568860467681162,0
1761,1.8297872982581125,-0.8099113189076041,0
1762,0.8051462943916117,-1.3531758648663441,0
1763,0.05504564259892386,1.0177519630785485,1
1764,2.2599047605781504,-0.12338812392402088,0
1765,2.2915499749672,-1.388031745438366,0
1766,2.1242596696608533,-1.653172811748971,0
1767,3.1809874263528153,-1.2982763157479686,0
1768,1.4293474703931746,0.18716664890261625,1
1769,2.1434504380888146,0.23758697772550696,1
1770,1.013638731122711,-1.2673691321872584,0
1771,0.5063788559962914,-0.2106071216591442,0
1772,0.7304845291996108,1.018379522478832,1
1773,1.9417944071575761,-1.5977678322700606,0
1774,0.6176743975734562,1.3204260630952525,1
1775,0.37409456067484914,0.7139588076259444,1
1776,0.6784021756981452,-0.5370790440920025,0
1777,1.788956326318945,-0.9205103349981987,0
1778,1.3632293443347876,1.0310547440343218,1
1779,0.5827231163751571,1.0621355980689733,1
1780,0.8535377170605366,1.1597082711006004,1
1781,1.257831534603846,0.41933573074827835,1
1782,1.3412928912809794,0.8646613526151685,1
1783,1.4776144790398253,-1.9286180272287055,0
1784,-0.15067082011581223,-1.1013993706553276,0
1785,1.164150218271091,0.7049847707936452,1
1786,0.4924168999801395,1.2740104320839092,1
1787,2.868659315132325,-1.514477725015992,0
1788,2.195070954367308,-2.076552787331109,0
1789,1.336575876163715,-0.9870547804284382,0
1790,-0.03758227483730869,1.5578144676295305,1
1791,0.3280890834804948,1.7733614873654533,1
1792,1.2163113983223979,0.13428187000440728,1
1793,0.6496147405851396,0.6900667475565364,1
1794,1.1949714780762177,0.7134529398488884,1
1795,1.7249938837895422,-1.4704899751645124,0
1796,1.0769115759248349,-0.689187781289949,0
1797,0.750982819875452,0.696699915401264,1
1798,1.186393816880832,-0.9135061048227098,0
1799,1.0691271429179905,1.1934681461262788,1
1800,0.1823165906862878,-1.1813915556118324,0
1801,0.7950739966514117,1.6340974470658487,1
1802,1.7549899135772935,-1.5621025808548588,0
1803,2.3526392914309415,-1.4821362887408212,0
1804,1.8785425001775378,-0.15230915922010102,1
1805,1.5860149871677525,0.9738925357434544,1
1806,1.6703364198263255,-0.3431221562208955,1
1807,1.2258582276510415,-0.6998800603389799,0
1808,0.029767301061673468,1.604498030455556,1
1809,1.4109575683349977,1.2302438143085488,1
1810,2.018380673579372,0.28045953694966663,1
1811,0.6581393843200123,1.3793423190892682,1
1812,2.365075613673497,-0.5367810524648587,0
1813,0.5716122412060046,0.7259648498250373,1
1814,1.047460836460728,0.8475163507947509,1
1815,0.7880792037301716,-0.6997200903747429,0
1816,1.0262284986783419,0.47121199306288053,1
1817,2.0677433898166417,-1.8588378308973672,0
1818,1.1645689083334543,0.9924679814744316,1
1819,1.473312534456954,-1.1410728755685116,0
1820,1.7813288269829375,0.48665076482607106,1
1821,1.1976268101612053,-1.3376294784113707,0
1822,0.8125992017823293,0.593260418292545,1
1823,2.3489405849622793,-0.5259404962704182,1
1824,2.2932338616448753,-0.21800371018049947,1
1825,1.3244952193665158,-1.477932176912882,0
1826,1.3266152445116706,-1.181250012923647,0
1827,1.6123636536343726,1.1249867124913977,1
1828,1.1918680497822933,-0.6459411394671837,0
1829,1.0448068678392721,0.6084746137255378,1
1830,1.3093075216190144,0.3685293428182776,1
1831,1.4266450700608604,0.8286374139465523,1
1832,1.0745200605375889,1.493289208339992,1
1833,0.6216495624518422,-1.1777551507411503,0
1834,1.001001058276076,0.1660939878418468,1
1835,1.8745109402437463,-1.2758908661256976,0
1836,1.228393947246229,0.5954128912486052,1
1837,1.151336152370662,-1.372425060839611,0
1838,1.2561626485322122,0.6394784979739828,1
1839,0.8091632842707226,1.2430976898481785,1
1840,1.6077294378347975,-1.6593377200929913,0
1841,1.3462093203336558,1.0593234317081666,1
1842,1.0558644304063,0.8967718809766463,1
1843,0.867359245872918,0.19010183123416424,1
1844,1.7653936975802071,-0.6208016104467668,0
1845,0.1398013597078719,1.7692271117408314,1
1846,1.2536084612613934,-0.500941027426052,1
1847,1.5340477898289717,-0.40291063880142297,0
1848,2.6088505558793225,-1.4249258230746793,0
1849,3.204238028902785,-1.906921019530179,0
1850,0.4176354279998833,-0.840007077660829,0
1851,2.0568644145259953,-1.1944635141843016,0
1852,0.14814387231051718,0.30220060143067,1
1853,0.6939037532421317,0.9876723964312838,1
1854,1.2307127955220227,0.29111714441380937,1
1855,0.6747726938457415,1.432814613254491,1
1856,1.4571392496180362,0.006228413082670192,1
1857,1.9663455741527431,0.7224577436183277,1
1858,2.2585033753606973,-1.1723063896405235,0
1859,2.4515335960920277,-1.5610452505429993,0
1860,1.182330920281483,0.6888115922484128,1
1861,1.5583134361872129,-1.2728051994937848,0
1862,2.078688059701326,-1.706983169342656,0
1863,1.937521070831731,-1.0708044378907762,0
1864,0.5757404954554048,-0.8284735598683635,0
1865,2.88372784521228,-1.4393971731113595,0
1866,2.233830990853374,-1.9089593499266522,0
1867,1.9034283611023455,0.1977231096693226,1
1868,1.2633671099047898,-0.4823993100786055,0
1869,0.760541017069718,0.41996732045611884,1
1870,0.7458689656450903,1.0003212960393695,1
1871,0.8186091151692878,-1.3572686621865406,0
1872,2.118716935744992,0.5215167371300622,1
1873,0.4489073465697839,0.7911198341607021,1
1874,0.2787939295271473,1.4599528625672737,1
1875,1.2634438274333752,1.0160564873532407,1
1876,1.3706499382982817,-1.3895148116299971,0
1877,1.1676606292266003,-1.1640360258789402,0
1878,1.4163403367170853,0.978245292064541,1
1879,1.8805450867848672,-1.0751705358481711,0
1880,0.6376969313241534,1.8330981786756049,1
1881,1.4534995597707911,-1.1247940336662103,0
1882,2.7324145703529026,-1.8788660763399256,0
1883,1.7175845617105407,0.568080472881291,1
1884,1.907742170932769,-1.3921924473971075,0
1885,1.829549074547245,-0.9619138121786246,0
1886,2.305054219142008,-1.4718948421136075,0
1887,2.1584487563999404,-1.3750338871341405,0
1888,2.40986729809012,-0.2532788389057128,1
1889,1.5785382399342203,0.3220016312930116,1
1890,0.8413966956999481,-0.7947071897600522,0
1891,-0.05852046734235117,0.050194288525949204,0
1892,0.9653484735809991,-0.6839316614531512,0
1893,1.6278652935010849,-0.25622064302291214,1
1894,2.018549643435487,-1.486490453564711,0
1895,2.391201770449991,-1.4062164738994516,0
1896,1.5972135228479245,0.10755140488078585,1
1897,0.957434895370953,-1.1177963015410664,0
1898,2.5815396085045954,-1.5647370111943053,0
1899,3.0114491065265736,-0.9001297651390135,0
1900,1.2279446540800862,1.0435745001361094,1
1901,1.278558530618732,0.33829143257089905,1
1902,1.4149686900522869,0.45584936193936043,1
1903,0.7759725554188677,1.1963589520709665,1
1904,0.9515626249344667,1.2813684754986412,1
1905,1.9730074792815713,-1.5614902396899906,0
1906,0.8257534205660608,0.7073788820156504,1
1907,1.9264717490686565,-0.6986580278441457,0
1908,1.5954246122938767,-1.3801241648193079,0
1909,1.7814868460024453,-1.8589015973525016,0
1910,0.1983994184479727,0.1568754794303766,0
1911,0.4382446005572631,1.5684579749530092,1
1912,0.8889367478149528,0.4949233768348927,1
1913,0.49614042859001695,0.982781663329038,1
1914,1.2118758468979631,0.5470885640621825,1
1915,1.7416503620250838,-0.5958485582306405,1
1916,0.3803065806810475,1.2346292824756484,1
1917,-0.3894402291274679,2.433605726370029,1
1918,0.6719007418633801,-1.2309345425784801,0
1919,2.542678771488887,-1.845545634369619,0
1920,1.560185361744647,-0.29583933519088346,1
1921,1.7028866746395817,-1.0271443334453314,0
1922,1.4811219171046566,-1.512822451422478,0
1923,1.9018551103561119,-0.7895764383600211,0
1924,0.8505422299603587,1.5338949311473005,1
1925,0.8941950879971015,0.9934354418215633,1
1926,1.358141491237449,0.530357344913412,1
1927,2.2798597726496617,-1.5837479390266846,0
1928,0.9922244849414662,1.0410719402685569,1
1929,1.7796195626012437,0.2819725581427416,1
1930,1.6939674135835512,0.4057496615661672,1
1931,1.6290607953735965,0.55767950675629,1
1932,1.0094686801540436,0.25891434783609246,1
1933,2.178329095388647,-1.1501608858710832,0
1934,1.7686963131004705,-0.10017759076054056,1
1935,1.5947858227695633,-0.789233857190576,0
1936,1.3138161611443562,-1.296455252960866,0
1937,0.7357899587552096,0.7284520528571456,1
1938,1.5131231849348157,-0.4352016166210908,1
1939,2.378420263931318,-0.35068448276632347,0
1940,0.13015442538210276,1.9764053295549762,1
1941,1.491019716058719,-0.8642588636703127,0
1942,0.9310670408930897,0.7198762264177193,1
1943,3.568411368325444,-1.7134856386666635,0
1944,2.6879892216841705,-1.3467145963498546,0
1945,0.9571085492842923,0.5720432628903918,1
1946,1.1343768217566104,-1.4469412173778182,0
1947,2.715738317564875,-0.8483447425140992,0
1948,1.2382473941062428,-1.8034469312397599,0
1949,1.974114508848666,0.2502281940869884,1
1950,3.225770474396522,-2.540618022004387,0
1951,0.789415927249999,-0.17898285218814036,0
1952,0.7223962385333423,0.9113868770302518,1
1953,1.5928520423721946,-1.368717050360151,0
1954,0.6934696717802757,0.6857617470826228,1
1955,0.5325748940182476,1.1026897957361166,1
1956,0.9594650375009914,-0.7137747065666693,0
1957,0.6457785298157656,1.0390789871523762,1
1958,1.077841194269339,-0.8170985900799468,0
1959,0.9809965836879616,0.9921401605453856,1
1960,1.8271669405207247,-0.8448896746222095,0
1961,2.670885492159525,-1.3517415634776733,0
1962,0.9559367948413232,0.7344169379356985,1
1963,1.7303810106256607,-2.17150870137137,0
1964,-0.4761693673870824,1.6000661627125052,1
1965,0.9809094068580998,0.5161594661173927,1
1966,0.6812901609314026,1.6801943718841308,1
1967,0.8374954441859006,0.06756059827773087,1
1968,0.7696649601496504,-0.5879751874426317,0
1969,0.5124347392926378,-0.5150343403116602,0
1970,0.41053554097081346,1.1985351250306926,1
1971,0.1962807450799544,1.6918148848039005,1
1972,1.402769913397277,-1.2139220281855279,0
1973,2.0425289735478773,0.2831440834366615,1
1974,1.10735837731499,-0.7243947779551286,0
1975,1.4563044933564937,0.8220085208246141,1
1976,1.8173571309362475,-1.6487576388248966,0
1977,0.07783662239192335,1.7515893212745857,1
1978,1.212535530875103,1.6958755237829801,1
1979,3.4221827159895657,-2.222972736889556,0
1980,0.727141335646718,0.8486339448417897,1
1981,0.30382042224459416,-1.0719451089372112,0
1982,0.5902960977156426,1.783722796029486,1
1983,1.5129310533527993,-1.4020815839642007,0
1984,0.7793779716717544,1.3231190135457758,1
1985,1.0982114729171188,-0.7427566312834266,0
1986,1.8284671600557605,-0.9080289388454463,0
1987,2.03558360796863,-1.6329647535794432,0
1988,0.6989705956414085,-0.9213618947133889,0
1989,1.5410969563147419,-1.6469297493788115,0
1990,0.3815242389499347,1.3664336770655225,1
1991,-0.3232232296951192,1.0338846006440894,1
1992,0.862302293236002,1.34433021296813,1
1993,0.5447888103586741,1.4174072591366111,1
1994,1.159295011915547,0.45200873671523817,1
1995,1.418917418976035,-0.9602556553668178,0
1996,0.42335184456855135,-1.0238814562793197,0
1997,0.9184086176119257,1.1940851882939285,1
1998,1.811239021680101,-2.0884520462466067,0
1999,2.011399491438175,-1.8152854520660653,0
2000,0.6132489921897839,1.19875774914712,1
2001,1.7134323691149236,0.5326036995952558,1
2002,0.9282226791970674,0.5278716849888385,1
2003,0.4868379004225267,1.0107662687574461,1
2004,1.3071330335404319,-1.2084079568759227,0
2005,1.074141791763306,-0.8326419426856666,0
2006,0.7896588877311356,0.865371681419058,1
2007,1.8816101528513949,0.14399921001873217,1
2008,0.7014198401923619,-1.0630192771547415,0
2009,0.9192027303791854,-0.13561266895212243,0
2010,1.6995049647011067,-0.03345755498712877,1
2011,1.848792439802315,-1.8294368750092256,0
2012,0.5862624105050538,-0.9417863802226107,0
2013,1.4284381856390742,0.8335606214254748,1
2014,1.2517346472244186,0.4944221349923779,1
2015,2.0017239231521566,-0.175009556021949,1
2016,1.2274193770870045,-1.180802468819346,0
2017,0.7564464499105752,1.4944939250054439,1
2018,2.584477219072458,-1.1719147549911029,0
2019,0.4867813208156273,-0.8796030794025307,0
2020,2.4943853020313744,-0.18066233677534693,1
2021,1.427042613282594,0.3963295439376986,1
2022,1.1247742377786452,1.6367526441880553,1
2023,0.303439940120229,0.3593729885651935,0
2024,1.1092532164091002,0.6143419408776272,1
2025,1.9993090773823012,-1.7224629461375247,0
2026,1.547355235792664,-1.635087566622853,0
2027,0.5669364801168812,-0.9679484973926014,0
2028,2.3118631356886112,-1.100644089423883,0
2029,0.42853758413563026,1.3723301274287074,1
2030,1.6205217096476547,0.7159144256380305,1
2031,1.6865526702419962,-0.6578453064258072,0
2032,1.7476487580044777,-1.0419842170512548,0
2033,1.232729772547807,0.5739282064232918,1
2034,2.175672623207592,-0.646868873501703,1
2035,1.2186785388001202,-1.023306272457182,0
2036,0.971710528242666,1.832256954177799,1
2037,0.9901621223056255,1.1610734982389945,1
2038,1.4222901839133057,0.46367375886135054,1
2039,1.2927455689683658,0.6442609874441793,1
2040,2.4384364082904297,-2.096929147007597,0
2041,1.0722464875396214,-0.8878440292315479,0
2042,0.5105108894857311,-0.8523885339514848,0
2043,1.5409787415199776,-1.2762804673691441,0
2044,0.8083065784256371,0.24779595273084332,1
2045,2.228700147824759,-1.3895523721034626,0
2046,1.388777555092377,0.6633918540727318,1
2047,1.6760485918294121,-1.647534351483786,0
2048,1.7057561608468472,-0.8004232599665856,0
2049,1.827007913672423,-0.8958630765760458,0
2050,0.9519682287057484,0.8791334619585446,1
2051,1.3972794379155438,0.6349840576043615,1
2052,0.42998416325162103,-1.3689121195547904,0
2053,1.1088351791699411,0.1098089391356003,1
2054,1.0304902623767083,-0.5256897770320144,0
2055,0.1378415294808537,-1.0450262514650523,0
2056,1.608889694073518,0.9386481139803238,1
2057,0.45422016398113385,0.40145947590060593,1
2058,0.8687105878515134,1.3026034193068448,1
2059,0.5236211648791278,1.4316927212683406,1
2060,0.6006808204094783,0.9811190408584576,1
2061,1.716148310451957,-1.2832464987282381,0
2062,1.4699942407811843,-0.4629033326081057,0
2063,1.3029424672033445,0.34937778917515777,1
2064,1.2438263266092773,-0.7091312854656928,0
2065,1.0064197386611862,0.5000200455068201,1
2066,1.2715086076288338,-0.7496563671310786,0
2067,1.167147103329813,-0.8619258524191575,0
2068,0.4118085585537412,-0.9257892696269521,0
2069,2.379187306553652,-1.386301183010834,0
2070,1.3822176542842954,0.41726238145906763,1
2071,0.6742798421817483,0.7560311090844541,1
2072,1.4277419333902688,-0.8406460761985763,0
2073,1.0309453226273417,-0.6679433104301271,0
2074,1.1652917686243112,-0.20553347961623447,0
2075,0.9124328136489301,0.8250979616997234,1
2076,0.46369533086505776,-1.2332697412677922,0
2077,1.8692094459750843,0.5768523197171833,1
2078,1.8180190676817758,-0.21526679737827248,1
2079,2.490515501624211,-1.2239967072318774,0
2080,2.667364472943844,-1.8892291025958334,0
2081,0.9054516125771924,1.6811574730705037,1
2082,1.2230738986783634,0.46736164252059825,1
2083,3.276875783435713,-1.6701978040777528,0
2084,1.2007172334821061,-1.0687981270747513,0
2085,1.1603253989685811,-1.688296037102449,0
2086,2.6193037694711316,-2.0007546334174253,0
2087,1.0802397120591003,-1.1504625133649677,0
2088,1.5541759505710746,0.5847738058610648,1
2089,0.8425304750093852,1.0874438408475628,1
2090,-0.30668787089229643,2.1909201825372397,1
2091,1.4444862487312833,0.7453872631953712,1
2092,0.50792333482282,1.280395640838559,1
2093,1.121189395906035,0.6730258343515207,1
2094,0.8923690234846036,0.3405752839608908,1
2095,1.0078336327404818,-1.3423484176396976,0
2096,2.4329472255621156,-0.9077015654460796,0
2097,1.5803476181691716,-0.5799865402381803,0
2098,0.6951263675862088,0.793969836295543,1
2099,2.077345267511429,-1.1305988595965477,0
2100,1.9182177726957321,-1.6417010683475415,0
2101,1.5285190093532148,-1.7599368879625286,0
2102,1.8738665639691767,0.36533624389854746,1
2103,1.0927085603615656,1.1355190101616595,1
2104,0.9733261186988034,-0.9172356528546781,0
2105,1.621523890767985,-1.5905650435333016,0
2106,0.9722991360580018,0.8229873509552449,1
2107,2.0937761299856295,-1.1787597482616,0
2108,0.0055021798984000725,-0.853533317403681,0
2109,1.4569196694890434,0.6862175640483963,1
2110,1.5682240165229213,-0.6777407944657433,0
2111,1.385893698500802,-0.7617521937285849,0
2112,1.8959279355888454,-1.921520932174177,0
2113,0.3372360803281962,0.8269142931759293,1
2114,2.45781730361036,-1.3916264382505075,0
2115,2.5976036282455253,-0.16744908894342814,1
2116,-0.615049313556679,-0.9335006584115657,0
2117,0.9780722614755668,-0.7993448694955329,0
2118,1.0987413336304992,0.516707707207555,1
2119,0.8075403445497448,-0.7036438565045315,0
2120,2.709235435070448,-1.102898469474962,0
2121,0.7055201799772391,-2.0126677211224946,0
2122,0.06889796622887223,1.749369897493184,1
2123,0.863474914644022,0.8385708993287939,1
2124,0.9337966175987571,-1.1621111552543582,0
2125,1.3808030572926144,-1.0502266090991204,0
2126,0.7310726043102019,1.8946444017591875,1
2127,1.6367837595465868,-1.4325941993797744,0
2128,1.2720887637861855,0.4917478061467392,1
2129,2.034375524628478,-0.3140081637129457,1
2130,1.2969019620192392,-0.5698167192175945,0
2131,2.3633850315747305,-1.070545816275028,0
2132,1.6303299181388065,-0.14166756813942216,1
2133,1.6129517158758544,-0.8622343609109464,0
2134,0.46385431155519097,0.9090168990076917,1
2135,1.0486658388285126,-1.256920226051671,0
2136,1.8794808156498866,-0.698389250022711,0
2137,1.034552993959177,1.0771498776556336,1
2138,0.9202127683696956,1.060859632774851,1
2139,0.4576931314253222,1.4182581819676865,1
2140,-0.10314161682315692,-1.2493060070934177,0
2141,1.2183947779047188,0.6125123581564323,1
2142,2.193149934721786,-1.3062607460128106,0
2143,0.9543295730665844,-0.7037816417007234,0
2144,2.1759663843795547,-1.1157488483330504,0
2145,0.2359680452032359,1.4907549160349176,1
2146,1.0072976542702206,0.5518349372716416,1
2147,1.2900526276374866,-0.6286931950073646,0
2148,1.0570934926742217,1.2415446869795739,1
2149,0.8755942174997655,-1.5019267580913649,0
